scenario_run_id,scenario_type,agent_code,provider_code,window_start,window_end,event_type,event_name,requires_review,expected_signal
RUN-00001,CASH_OUT_VELOCITY_SPIKE,AGT-016,ROCKET,2026-11-03 19:45:00+00:00,2026-11-03 20:00:00+00:00,SALARY_PERIOD,Synthetic Salary Window 10,1,High cash-out velocity and volume compared with expected normal activity.
RUN-00002,CASH_OUT_VELOCITY_SPIKE,AGT-015,ROCKET,2026-11-03 18:00:00+00:00,2026-11-03 18:15:00+00:00,SALARY_PERIOD,Synthetic Salary Window 10,1,High cash-out velocity and volume compared with expected normal activity.
RUN-00003,CASH_OUT_VELOCITY_SPIKE,AGT-014,ROCKET,2026-11-03 11:00:00+00:00,2026-11-03 11:15:00+00:00,SALARY_PERIOD,Synthetic Salary Window 10,1,High cash-out velocity and volume compared with expected normal activity.
RUN-00004,CASH_OUT_VELOCITY_SPIKE,AGT-008,ROCKET,2026-10-24 20:00:00+00:00,2026-10-24 20:15:00+00:00,RELIGIOUS_FESTIVAL,Synthetic Durga Puja Period,1,High cash-out velocity and volume compared with expected normal activity.
RUN-00005,CASH_OUT_VELOCITY_SPIKE,AGT-018,ROCKET,2026-11-03 12:15:00+00:00,2026-11-03 12:30:00+00:00,SALARY_PERIOD,Synthetic Salary Window 10,1,High cash-out velocity and volume compared with expected normal activity.
RUN-00006,CASH_OUT_VELOCITY_SPIKE,AGT-009,BKASH,2026-06-04 11:15:00+00:00,2026-06-04 11:30:00+00:00,SALARY_PERIOD,Synthetic Salary Window 05,1,High cash-out velocity and volume compared with expected normal activity.
RUN-00007,CASH_OUT_VELOCITY_SPIKE,AGT-018,NAGAD,2026-11-03 08:30:00+00:00,2026-11-03 08:45:00+00:00,SALARY_PERIOD,Synthetic Salary Window 10,1,High cash-out velocity and volume compared with expected normal activity.
RUN-00008,CASH_OUT_VELOCITY_SPIKE,AGT-018,ROCKET,2026-06-22 09:30:00+00:00,2026-06-22 09:45:00+00:00,NONE,NONE,1,High cash-out velocity and volume compared with expected normal activity.
RUN-00009,CASH_OUT_VELOCITY_SPIKE,AGT-010,BKASH,2026-11-03 19:15:00+00:00,2026-11-03 19:30:00+00:00,SALARY_PERIOD,Synthetic Salary Window 10,1,High cash-out velocity and volume compared with expected normal activity.
RUN-00010,CASH_OUT_VELOCITY_SPIKE,AGT-015,NAGAD,2026-10-24 19:45:00+00:00,2026-10-24 20:00:00+00:00,RELIGIOUS_FESTIVAL,Synthetic Durga Puja Period,1,High cash-out velocity and volume compared with expected normal activity.
RUN-00011,CASH_OUT_VELOCITY_SPIKE,AGT-006,NAGAD,2026-10-24 11:15:00+00:00,2026-10-24 11:30:00+00:00,RELIGIOUS_FESTIVAL,Synthetic Durga Puja Period,1,High cash-out velocity and volume compared with expected normal activity.
RUN-00012,CASH_OUT_VELOCITY_SPIKE,AGT-005,BKASH,2026-11-03 15:00:00+00:00,2026-11-03 15:15:00+00:00,SALARY_PERIOD,Synthetic Salary Window 10,1,High cash-out velocity and volume compared with expected normal activity.
RUN-00013,CASH_OUT_VELOCITY_SPIKE,AGT-007,BKASH,2026-12-04 19:00:00+00:00,2026-12-04 19:15:00+00:00,SALARY_PERIOD,Synthetic Salary Window 11,1,High cash-out velocity and volume compared with expected normal activity.
RUN-00014,CASH_OUT_VELOCITY_SPIKE,AGT-016,BKASH,2026-11-03 17:00:00+00:00,2026-11-03 17:15:00+00:00,SALARY_PERIOD,Synthetic Salary Window 10,1,High cash-out velocity and volume compared with expected normal activity.
RUN-00015,CASH_OUT_VELOCITY_SPIKE,AGT-018,BKASH,2026-06-04 11:15:00+00:00,2026-06-04 11:30:00+00:00,SALARY_PERIOD,Synthetic Salary Window 05,1,High cash-out velocity and volume compared with expected normal activity.
RUN-00016,CASH_OUT_VELOCITY_SPIKE,AGT-012,NAGAD,2026-06-22 09:00:00+00:00,2026-06-22 09:15:00+00:00,NONE,NONE,1,High cash-out velocity and volume compared with expected normal activity.
RUN-00017,CASH_OUT_VELOCITY_SPIKE,AGT-012,BKASH,2026-10-24 19:45:00+00:00,2026-10-24 20:00:00+00:00,RELIGIOUS_FESTIVAL,Synthetic Durga Puja Period,1,High cash-out velocity and volume compared with expected normal activity.
RUN-00018,CASH_OUT_VELOCITY_SPIKE,AGT-015,ROCKET,2026-06-04 08:30:00+00:00,2026-06-04 08:45:00+00:00,SALARY_PERIOD,Synthetic Salary Window 05,1,High cash-out velocity and volume compared with expected normal activity.
RUN-00019,CASH_OUT_VELOCITY_SPIKE,AGT-003,ROCKET,2026-06-04 09:45:00+00:00,2026-06-04 10:00:00+00:00,SALARY_PERIOD,Synthetic Salary Window 05,1,High cash-out velocity and volume compared with expected normal activity.
RUN-00020,CASH_OUT_VELOCITY_SPIKE,AGT-005,ROCKET,2026-12-04 11:30:00+00:00,2026-12-04 11:45:00+00:00,SALARY_PERIOD,Synthetic Salary Window 11,1,High cash-out velocity and volume compared with expected normal activity.
RUN-00021,CASH_OUT_VELOCITY_SPIKE,AGT-017,ROCKET,2026-06-22 15:00:00+00:00,2026-06-22 15:15:00+00:00,NONE,NONE,1,High cash-out velocity and volume compared with expected normal activity.
RUN-00022,CASH_OUT_VELOCITY_SPIKE,AGT-015,ROCKET,2026-12-04 10:30:00+00:00,2026-12-04 10:45:00+00:00,SALARY_PERIOD,Synthetic Salary Window 11,1,High cash-out velocity and volume compared with expected normal activity.
RUN-00023,CASH_OUT_VELOCITY_SPIKE,AGT-019,ROCKET,2026-06-22 12:45:00+00:00,2026-06-22 13:00:00+00:00,NONE,NONE,1,High cash-out velocity and volume compared with expected normal activity.
RUN-00024,CASH_OUT_VELOCITY_SPIKE,AGT-017,NAGAD,2026-10-17 08:00:00+00:00,2026-10-17 08:15:00+00:00,RELIGIOUS_FESTIVAL,Synthetic Durga Puja Period,1,High cash-out velocity and volume compared with expected normal activity.
RUN-00025,CASH_OUT_VELOCITY_SPIKE,AGT-009,NAGAD,2026-10-24 17:30:00+00:00,2026-10-24 17:45:00+00:00,RELIGIOUS_FESTIVAL,Synthetic Durga Puja Period,1,High cash-out velocity and volume compared with expected normal activity.
RUN-00026,CASH_OUT_VELOCITY_SPIKE,AGT-017,BKASH,2026-06-04 14:00:00+00:00,2026-06-04 14:15:00+00:00,SALARY_PERIOD,Synthetic Salary Window 05,1,High cash-out velocity and volume compared with expected normal activity.
RUN-00027,CASH_OUT_VELOCITY_SPIKE,AGT-013,NAGAD,2026-10-24 21:00:00+00:00,2026-10-24 21:15:00+00:00,RELIGIOUS_FESTIVAL,Synthetic Durga Puja Period,1,High cash-out velocity and volume compared with expected normal activity.
RUN-00028,CASH_OUT_VELOCITY_SPIKE,AGT-002,BKASH,2026-11-03 21:15:00+00:00,2026-11-03 21:30:00+00:00,SALARY_PERIOD,Synthetic Salary Window 10,1,High cash-out velocity and volume compared with expected normal activity.
RUN-00029,CASH_OUT_VELOCITY_SPIKE,AGT-014,NAGAD,2026-06-04 16:15:00+00:00,2026-06-04 16:30:00+00:00,SALARY_PERIOD,Synthetic Salary Window 05,1,High cash-out velocity and volume compared with expected normal activity.
RUN-00030,CASH_OUT_VELOCITY_SPIKE,AGT-017,NAGAD,2026-12-04 18:45:00+00:00,2026-12-04 19:00:00+00:00,SALARY_PERIOD,Synthetic Salary Window 11,1,High cash-out velocity and volume compared with expected normal activity.
RUN-00031,CASH_OUT_VELOCITY_SPIKE,AGT-013,ROCKET,2026-10-24 10:45:00+00:00,2026-10-24 11:00:00+00:00,RELIGIOUS_FESTIVAL,Synthetic Durga Puja Period,1,High cash-out velocity and volume compared with expected normal activity.
RUN-00032,CASH_OUT_VELOCITY_SPIKE,AGT-002,BKASH,2026-06-22 13:15:00+00:00,2026-06-22 13:30:00+00:00,NONE,NONE,1,High cash-out velocity and volume compared with expected normal activity.
RUN-00033,CASH_OUT_VELOCITY_SPIKE,AGT-012,BKASH,2026-06-22 21:00:00+00:00,2026-06-22 21:15:00+00:00,NONE,NONE,1,High cash-out velocity and volume compared with expected normal activity.
RUN-00034,CASH_OUT_VELOCITY_SPIKE,AGT-019,ROCKET,2026-06-04 20:30:00+00:00,2026-06-04 20:45:00+00:00,SALARY_PERIOD,Synthetic Salary Window 05,1,High cash-out velocity and volume compared with expected normal activity.
RUN-00035,CASH_OUT_VELOCITY_SPIKE,AGT-009,BKASH,2026-11-03 14:15:00+00:00,2026-11-03 14:30:00+00:00,SALARY_PERIOD,Synthetic Salary Window 10,1,High cash-out velocity and volume compared with expected normal activity.
RUN-00036,CASH_OUT_VELOCITY_SPIKE,AGT-017,NAGAD,2026-10-17 12:00:00+00:00,2026-10-17 12:15:00+00:00,RELIGIOUS_FESTIVAL,Synthetic Durga Puja Period,1,High cash-out velocity and volume compared with expected normal activity.
RUN-00037,CASH_OUT_VELOCITY_SPIKE,AGT-009,BKASH,2026-10-24 09:15:00+00:00,2026-10-24 09:30:00+00:00,RELIGIOUS_FESTIVAL,Synthetic Durga Puja Period,1,High cash-out velocity and volume compared with expected normal activity.
RUN-00038,CASH_OUT_VELOCITY_SPIKE,AGT-015,BKASH,2026-10-17 16:00:00+00:00,2026-10-17 16:15:00+00:00,RELIGIOUS_FESTIVAL,Synthetic Durga Puja Period,1,High cash-out velocity and volume compared with expected normal activity.
RUN-00039,CASH_OUT_VELOCITY_SPIKE,AGT-018,NAGAD,2026-12-04 10:15:00+00:00,2026-12-04 10:30:00+00:00,SALARY_PERIOD,Synthetic Salary Window 11,1,High cash-out velocity and volume compared with expected normal activity.
RUN-00040,CASH_OUT_VELOCITY_SPIKE,AGT-011,NAGAD,2026-10-24 14:00:00+00:00,2026-10-24 14:15:00+00:00,RELIGIOUS_FESTIVAL,Synthetic Durga Puja Period,1,High cash-out velocity and volume compared with expected normal activity.
RUN-00041,CASH_OUT_VELOCITY_SPIKE,AGT-015,NAGAD,2026-06-04 18:45:00+00:00,2026-06-04 19:00:00+00:00,SALARY_PERIOD,Synthetic Salary Window 05,1,High cash-out velocity and volume compared with expected normal activity.
RUN-00042,CASH_OUT_VELOCITY_SPIKE,AGT-002,BKASH,2026-11-03 10:30:00+00:00,2026-11-03 10:45:00+00:00,SALARY_PERIOD,Synthetic Salary Window 10,1,High cash-out velocity and volume compared with expected normal activity.
RUN-00043,CASH_OUT_VELOCITY_SPIKE,AGT-011,ROCKET,2026-10-17 09:00:00+00:00,2026-10-17 09:15:00+00:00,RELIGIOUS_FESTIVAL,Synthetic Durga Puja Period,1,High cash-out velocity and volume compared with expected normal activity.
RUN-00044,CASH_OUT_VELOCITY_SPIKE,AGT-020,NAGAD,2026-10-24 17:45:00+00:00,2026-10-24 18:00:00+00:00,RELIGIOUS_FESTIVAL,Synthetic Durga Puja Period,1,High cash-out velocity and volume compared with expected normal activity.
RUN-00045,CASH_OUT_VELOCITY_SPIKE,AGT-013,ROCKET,2026-10-24 14:15:00+00:00,2026-10-24 14:30:00+00:00,RELIGIOUS_FESTIVAL,Synthetic Durga Puja Period,1,High cash-out velocity and volume compared with expected normal activity.
RUN-00046,CASH_OUT_VELOCITY_SPIKE,AGT-013,ROCKET,2026-06-22 20:30:00+00:00,2026-06-22 20:45:00+00:00,NONE,NONE,1,High cash-out velocity and volume compared with expected normal activity.
RUN-00047,CASH_OUT_VELOCITY_SPIKE,AGT-011,ROCKET,2026-06-22 09:00:00+00:00,2026-06-22 09:15:00+00:00,NONE,NONE,1,High cash-out velocity and volume compared with expected normal activity.
RUN-00048,CASH_OUT_VELOCITY_SPIKE,AGT-020,NAGAD,2026-06-04 16:15:00+00:00,2026-06-04 16:30:00+00:00,SALARY_PERIOD,Synthetic Salary Window 05,1,High cash-out velocity and volume compared with expected normal activity.
RUN-00049,CASH_OUT_VELOCITY_SPIKE,AGT-016,BKASH,2026-06-22 17:00:00+00:00,2026-06-22 17:15:00+00:00,NONE,NONE,1,High cash-out velocity and volume compared with expected normal activity.
RUN-00050,CASH_OUT_VELOCITY_SPIKE,AGT-014,BKASH,2026-11-03 13:45:00+00:00,2026-11-03 14:00:00+00:00,SALARY_PERIOD,Synthetic Salary Window 10,1,High cash-out velocity and volume compared with expected normal activity.
RUN-00051,CASH_OUT_VELOCITY_SPIKE,AGT-020,NAGAD,2026-10-24 09:15:00+00:00,2026-10-24 09:30:00+00:00,RELIGIOUS_FESTIVAL,Synthetic Durga Puja Period,1,High cash-out velocity and volume compared with expected normal activity.
RUN-00052,CASH_OUT_VELOCITY_SPIKE,AGT-008,BKASH,2026-06-22 20:15:00+00:00,2026-06-22 20:30:00+00:00,NONE,NONE,1,High cash-out velocity and volume compared with expected normal activity.
RUN-00053,CASH_OUT_VELOCITY_SPIKE,AGT-014,NAGAD,2026-06-04 12:15:00+00:00,2026-06-04 12:30:00+00:00,SALARY_PERIOD,Synthetic Salary Window 05,1,High cash-out velocity and volume compared with expected normal activity.
RUN-00054,CASH_OUT_VELOCITY_SPIKE,AGT-009,NAGAD,2026-06-04 09:30:00+00:00,2026-06-04 09:45:00+00:00,SALARY_PERIOD,Synthetic Salary Window 05,1,High cash-out velocity and volume compared with expected normal activity.
RUN-00055,CASH_OUT_VELOCITY_SPIKE,AGT-009,BKASH,2026-11-03 12:00:00+00:00,2026-11-03 12:15:00+00:00,SALARY_PERIOD,Synthetic Salary Window 10,1,High cash-out velocity and volume compared with expected normal activity.
RUN-00056,CASH_OUT_VELOCITY_SPIKE,AGT-015,BKASH,2026-11-03 14:00:00+00:00,2026-11-03 14:15:00+00:00,SALARY_PERIOD,Synthetic Salary Window 10,1,High cash-out velocity and volume compared with expected normal activity.
RUN-00057,CASH_OUT_VELOCITY_SPIKE,AGT-005,BKASH,2026-11-03 11:45:00+00:00,2026-11-03 12:00:00+00:00,SALARY_PERIOD,Synthetic Salary Window 10,1,High cash-out velocity and volume compared with expected normal activity.
RUN-00058,CASH_OUT_VELOCITY_SPIKE,AGT-006,NAGAD,2026-10-24 21:30:00+00:00,2026-10-24 21:45:00+00:00,RELIGIOUS_FESTIVAL,Synthetic Durga Puja Period,1,High cash-out velocity and volume compared with expected normal activity.
RUN-00059,CASH_OUT_VELOCITY_SPIKE,AGT-016,BKASH,2026-06-04 10:30:00+00:00,2026-06-04 10:45:00+00:00,SALARY_PERIOD,Synthetic Salary Window 05,1,High cash-out velocity and volume compared with expected normal activity.
RUN-00060,CASH_OUT_VELOCITY_SPIKE,AGT-003,NAGAD,2026-11-03 09:15:00+00:00,2026-11-03 09:30:00+00:00,SALARY_PERIOD,Synthetic Salary Window 10,1,High cash-out velocity and volume compared with expected normal activity.
RUN-00061,CASH_OUT_VELOCITY_SPIKE,AGT-009,ROCKET,2026-06-22 09:15:00+00:00,2026-06-22 09:30:00+00:00,NONE,NONE,1,High cash-out velocity and volume compared with expected normal activity.
RUN-00062,CASH_OUT_VELOCITY_SPIKE,AGT-019,NAGAD,2026-10-17 09:45:00+00:00,2026-10-17 10:00:00+00:00,RELIGIOUS_FESTIVAL,Synthetic Durga Puja Period,1,High cash-out velocity and volume compared with expected normal activity.
RUN-00063,CASH_OUT_VELOCITY_SPIKE,AGT-012,BKASH,2026-11-03 11:45:00+00:00,2026-11-03 12:00:00+00:00,SALARY_PERIOD,Synthetic Salary Window 10,1,High cash-out velocity and volume compared with expected normal activity.
RUN-00064,CASH_OUT_VELOCITY_SPIKE,AGT-004,BKASH,2026-10-17 20:45:00+00:00,2026-10-17 21:00:00+00:00,RELIGIOUS_FESTIVAL,Synthetic Durga Puja Period,1,High cash-out velocity and volume compared with expected normal activity.
RUN-00065,CASH_OUT_VELOCITY_SPIKE,AGT-014,BKASH,2026-10-17 11:15:00+00:00,2026-10-17 11:30:00+00:00,RELIGIOUS_FESTIVAL,Synthetic Durga Puja Period,1,High cash-out velocity and volume compared with expected normal activity.
RUN-00066,CASH_OUT_VELOCITY_SPIKE,AGT-010,NAGAD,2026-06-22 17:15:00+00:00,2026-06-22 17:30:00+00:00,NONE,NONE,1,High cash-out velocity and volume compared with expected normal activity.
RUN-00067,CASH_OUT_VELOCITY_SPIKE,AGT-007,BKASH,2026-11-03 21:45:00+00:00,2026-11-03 22:00:00+00:00,SALARY_PERIOD,Synthetic Salary Window 10,1,High cash-out velocity and volume compared with expected normal activity.
RUN-00068,CASH_OUT_VELOCITY_SPIKE,AGT-010,BKASH,2026-06-22 21:00:00+00:00,2026-06-22 21:15:00+00:00,NONE,NONE,1,High cash-out velocity and volume compared with expected normal activity.
RUN-00069,CASH_OUT_VELOCITY_SPIKE,AGT-001,ROCKET,2026-12-04 10:45:00+00:00,2026-12-04 11:00:00+00:00,SALARY_PERIOD,Synthetic Salary Window 11,1,High cash-out velocity and volume compared with expected normal activity.
RUN-00070,CASH_OUT_VELOCITY_SPIKE,AGT-003,NAGAD,2026-06-22 11:45:00+00:00,2026-06-22 12:00:00+00:00,NONE,NONE,1,High cash-out velocity and volume compared with expected normal activity.
RUN-00071,CASH_OUT_VELOCITY_SPIKE,AGT-012,BKASH,2026-10-24 12:00:00+00:00,2026-10-24 12:15:00+00:00,RELIGIOUS_FESTIVAL,Synthetic Durga Puja Period,1,High cash-out velocity and volume compared with expected normal activity.
RUN-00072,CASH_OUT_VELOCITY_SPIKE,AGT-006,ROCKET,2026-06-22 10:30:00+00:00,2026-06-22 10:45:00+00:00,NONE,NONE,1,High cash-out velocity and volume compared with expected normal activity.
RUN-00073,CASH_OUT_VELOCITY_SPIKE,AGT-014,ROCKET,2026-12-04 21:00:00+00:00,2026-12-04 21:15:00+00:00,SALARY_PERIOD,Synthetic Salary Window 11,1,High cash-out velocity and volume compared with expected normal activity.
RUN-00074,CASH_OUT_VELOCITY_SPIKE,AGT-010,ROCKET,2026-11-03 19:15:00+00:00,2026-11-03 19:30:00+00:00,SALARY_PERIOD,Synthetic Salary Window 10,1,High cash-out velocity and volume compared with expected normal activity.
RUN-00075,CASH_OUT_VELOCITY_SPIKE,AGT-004,ROCKET,2026-10-24 17:45:00+00:00,2026-10-24 18:00:00+00:00,RELIGIOUS_FESTIVAL,Synthetic Durga Puja Period,1,High cash-out velocity and volume compared with expected normal activity.
RUN-00076,CASH_OUT_VELOCITY_SPIKE,AGT-008,NAGAD,2026-06-04 08:00:00+00:00,2026-06-04 08:15:00+00:00,SALARY_PERIOD,Synthetic Salary Window 05,1,High cash-out velocity and volume compared with expected normal activity.
RUN-00077,CASH_OUT_VELOCITY_SPIKE,AGT-017,ROCKET,2026-12-04 15:30:00+00:00,2026-12-04 15:45:00+00:00,SALARY_PERIOD,Synthetic Salary Window 11,1,High cash-out velocity and volume compared with expected normal activity.
RUN-00078,CASH_OUT_VELOCITY_SPIKE,AGT-005,ROCKET,2026-06-04 18:45:00+00:00,2026-06-04 19:00:00+00:00,SALARY_PERIOD,Synthetic Salary Window 05,1,High cash-out velocity and volume compared with expected normal activity.
RUN-00079,CASH_OUT_VELOCITY_SPIKE,AGT-001,BKASH,2026-06-22 17:00:00+00:00,2026-06-22 17:15:00+00:00,NONE,NONE,1,High cash-out velocity and volume compared with expected normal activity.
RUN-00080,CASH_OUT_VELOCITY_SPIKE,AGT-017,NAGAD,2026-06-22 14:45:00+00:00,2026-06-22 15:00:00+00:00,NONE,NONE,1,High cash-out velocity and volume compared with expected normal activity.
RUN-00081,CASH_OUT_VELOCITY_SPIKE,AGT-012,ROCKET,2026-10-17 15:15:00+00:00,2026-10-17 15:30:00+00:00,RELIGIOUS_FESTIVAL,Synthetic Durga Puja Period,1,High cash-out velocity and volume compared with expected normal activity.
RUN-00082,CASH_OUT_VELOCITY_SPIKE,AGT-009,BKASH,2026-06-04 12:45:00+00:00,2026-06-04 13:00:00+00:00,SALARY_PERIOD,Synthetic Salary Window 05,1,High cash-out velocity and volume compared with expected normal activity.
RUN-00083,CASH_OUT_VELOCITY_SPIKE,AGT-018,BKASH,2026-11-03 08:30:00+00:00,2026-11-03 08:45:00+00:00,SALARY_PERIOD,Synthetic Salary Window 10,1,High cash-out velocity and volume compared with expected normal activity.
RUN-00084,CASH_OUT_VELOCITY_SPIKE,AGT-020,NAGAD,2026-12-04 10:30:00+00:00,2026-12-04 10:45:00+00:00,SALARY_PERIOD,Synthetic Salary Window 11,1,High cash-out velocity and volume compared with expected normal activity.
RUN-00085,CASH_OUT_VELOCITY_SPIKE,AGT-014,NAGAD,2026-11-03 08:15:00+00:00,2026-11-03 08:30:00+00:00,SALARY_PERIOD,Synthetic Salary Window 10,1,High cash-out velocity and volume compared with expected normal activity.
RUN-00086,CASH_OUT_VELOCITY_SPIKE,AGT-010,ROCKET,2026-12-04 13:00:00+00:00,2026-12-04 13:15:00+00:00,SALARY_PERIOD,Synthetic Salary Window 11,1,High cash-out velocity and volume compared with expected normal activity.
RUN-00087,CASH_OUT_VELOCITY_SPIKE,AGT-008,ROCKET,2026-10-17 10:45:00+00:00,2026-10-17 11:00:00+00:00,RELIGIOUS_FESTIVAL,Synthetic Durga Puja Period,1,High cash-out velocity and volume compared with expected normal activity.
RUN-00088,CASH_OUT_VELOCITY_SPIKE,AGT-010,ROCKET,2026-06-04 13:45:00+00:00,2026-06-04 14:00:00+00:00,SALARY_PERIOD,Synthetic Salary Window 05,1,High cash-out velocity and volume compared with expected normal activity.
RUN-00089,CASH_OUT_VELOCITY_SPIKE,AGT-011,ROCKET,2026-10-17 17:45:00+00:00,2026-10-17 18:00:00+00:00,RELIGIOUS_FESTIVAL,Synthetic Durga Puja Period,1,High cash-out velocity and volume compared with expected normal activity.
RUN-00090,CASH_OUT_VELOCITY_SPIKE,AGT-005,BKASH,2026-06-22 20:45:00+00:00,2026-06-22 21:00:00+00:00,NONE,NONE,1,High cash-out velocity and volume compared with expected normal activity.
RUN-00091,CASH_OUT_VELOCITY_SPIKE,AGT-015,BKASH,2026-11-03 13:15:00+00:00,2026-11-03 13:30:00+00:00,SALARY_PERIOD,Synthetic Salary Window 10,1,High cash-out velocity and volume compared with expected normal activity.
RUN-00092,CASH_OUT_VELOCITY_SPIKE,AGT-005,NAGAD,2026-06-04 13:30:00+00:00,2026-06-04 13:45:00+00:00,SALARY_PERIOD,Synthetic Salary Window 05,1,High cash-out velocity and volume compared with expected normal activity.
RUN-00093,CASH_OUT_VELOCITY_SPIKE,AGT-010,NAGAD,2026-06-04 16:45:00+00:00,2026-06-04 17:00:00+00:00,SALARY_PERIOD,Synthetic Salary Window 05,1,High cash-out velocity and volume compared with expected normal activity.
RUN-00094,CASH_OUT_VELOCITY_SPIKE,AGT-009,ROCKET,2026-11-03 08:15:00+00:00,2026-11-03 08:30:00+00:00,SALARY_PERIOD,Synthetic Salary Window 10,1,High cash-out velocity and volume compared with expected normal activity.
RUN-00095,CASH_OUT_VELOCITY_SPIKE,AGT-002,ROCKET,2026-10-17 14:15:00+00:00,2026-10-17 14:30:00+00:00,RELIGIOUS_FESTIVAL,Synthetic Durga Puja Period,1,High cash-out velocity and volume compared with expected normal activity.
RUN-00096,CASH_OUT_VELOCITY_SPIKE,AGT-001,ROCKET,2026-06-04 17:30:00+00:00,2026-06-04 17:45:00+00:00,SALARY_PERIOD,Synthetic Salary Window 05,1,High cash-out velocity and volume compared with expected normal activity.
RUN-00097,CASH_OUT_VELOCITY_SPIKE,AGT-003,ROCKET,2026-11-03 10:15:00+00:00,2026-11-03 10:30:00+00:00,SALARY_PERIOD,Synthetic Salary Window 10,1,High cash-out velocity and volume compared with expected normal activity.
RUN-00098,CASH_OUT_VELOCITY_SPIKE,AGT-009,NAGAD,2026-12-04 17:15:00+00:00,2026-12-04 17:30:00+00:00,SALARY_PERIOD,Synthetic Salary Window 11,1,High cash-out velocity and volume compared with expected normal activity.
RUN-00099,CASH_OUT_VELOCITY_SPIKE,AGT-016,BKASH,2026-12-04 16:00:00+00:00,2026-12-04 16:15:00+00:00,SALARY_PERIOD,Synthetic Salary Window 11,1,High cash-out velocity and volume compared with expected normal activity.
RUN-00100,CASH_OUT_VELOCITY_SPIKE,AGT-020,BKASH,2026-12-04 08:15:00+00:00,2026-12-04 08:30:00+00:00,SALARY_PERIOD,Synthetic Salary Window 11,1,High cash-out velocity and volume compared with expected normal activity.
RUN-00101,CASH_OUT_VELOCITY_SPIKE,AGT-001,NAGAD,2026-12-04 11:45:00+00:00,2026-12-04 12:00:00+00:00,SALARY_PERIOD,Synthetic Salary Window 11,1,High cash-out velocity and volume compared with expected normal activity.
RUN-00102,CASH_OUT_VELOCITY_SPIKE,AGT-017,ROCKET,2026-12-04 08:00:00+00:00,2026-12-04 08:15:00+00:00,SALARY_PERIOD,Synthetic Salary Window 11,1,High cash-out velocity and volume compared with expected normal activity.
RUN-00103,CASH_OUT_VELOCITY_SPIKE,AGT-014,NAGAD,2026-10-24 16:15:00+00:00,2026-10-24 16:30:00+00:00,RELIGIOUS_FESTIVAL,Synthetic Durga Puja Period,1,High cash-out velocity and volume compared with expected normal activity.
RUN-00104,CASH_OUT_VELOCITY_SPIKE,AGT-016,ROCKET,2026-10-24 18:15:00+00:00,2026-10-24 18:30:00+00:00,RELIGIOUS_FESTIVAL,Synthetic Durga Puja Period,1,High cash-out velocity and volume compared with expected normal activity.
RUN-00105,CASH_OUT_VELOCITY_SPIKE,AGT-017,BKASH,2026-11-03 18:45:00+00:00,2026-11-03 19:00:00+00:00,SALARY_PERIOD,Synthetic Salary Window 10,1,High cash-out velocity and volume compared with expected normal activity.
RUN-00106,CASH_OUT_VELOCITY_SPIKE,AGT-004,BKASH,2026-10-24 20:15:00+00:00,2026-10-24 20:30:00+00:00,RELIGIOUS_FESTIVAL,Synthetic Durga Puja Period,1,High cash-out velocity and volume compared with expected normal activity.
RUN-00107,CASH_OUT_VELOCITY_SPIKE,AGT-017,NAGAD,2026-10-24 13:15:00+00:00,2026-10-24 13:30:00+00:00,RELIGIOUS_FESTIVAL,Synthetic Durga Puja Period,1,High cash-out velocity and volume compared with expected normal activity.
RUN-00108,CASH_OUT_VELOCITY_SPIKE,AGT-016,BKASH,2026-12-04 20:45:00+00:00,2026-12-04 21:00:00+00:00,SALARY_PERIOD,Synthetic Salary Window 11,1,High cash-out velocity and volume compared with expected normal activity.
RUN-00109,CASH_OUT_VELOCITY_SPIKE,AGT-013,BKASH,2026-06-22 20:00:00+00:00,2026-06-22 20:15:00+00:00,NONE,NONE,1,High cash-out velocity and volume compared with expected normal activity.
RUN-00110,CASH_OUT_VELOCITY_SPIKE,AGT-002,BKASH,2026-11-03 10:15:00+00:00,2026-11-03 10:30:00+00:00,SALARY_PERIOD,Synthetic Salary Window 10,1,High cash-out velocity and volume compared with expected normal activity.
RUN-00111,CASH_OUT_VELOCITY_SPIKE,AGT-004,BKASH,2026-10-17 11:15:00+00:00,2026-10-17 11:30:00+00:00,RELIGIOUS_FESTIVAL,Synthetic Durga Puja Period,1,High cash-out velocity and volume compared with expected normal activity.
RUN-00112,CASH_OUT_VELOCITY_SPIKE,AGT-010,ROCKET,2026-11-03 16:15:00+00:00,2026-11-03 16:30:00+00:00,SALARY_PERIOD,Synthetic Salary Window 10,1,High cash-out velocity and volume compared with expected normal activity.
RUN-00113,CASH_OUT_VELOCITY_SPIKE,AGT-016,BKASH,2026-06-04 12:15:00+00:00,2026-06-04 12:30:00+00:00,SALARY_PERIOD,Synthetic Salary Window 05,1,High cash-out velocity and volume compared with expected normal activity.
RUN-00114,CASH_OUT_VELOCITY_SPIKE,AGT-018,NAGAD,2026-12-04 20:30:00+00:00,2026-12-04 20:45:00+00:00,SALARY_PERIOD,Synthetic Salary Window 11,1,High cash-out velocity and volume compared with expected normal activity.
RUN-00115,CASH_OUT_VELOCITY_SPIKE,AGT-009,ROCKET,2026-06-04 14:30:00+00:00,2026-06-04 14:45:00+00:00,SALARY_PERIOD,Synthetic Salary Window 05,1,High cash-out velocity and volume compared with expected normal activity.
RUN-00116,CASH_OUT_VELOCITY_SPIKE,AGT-002,BKASH,2026-10-17 20:00:00+00:00,2026-10-17 20:15:00+00:00,RELIGIOUS_FESTIVAL,Synthetic Durga Puja Period,1,High cash-out velocity and volume compared with expected normal activity.
RUN-00117,CASH_OUT_VELOCITY_SPIKE,AGT-006,ROCKET,2026-06-22 17:15:00+00:00,2026-06-22 17:30:00+00:00,NONE,NONE,1,High cash-out velocity and volume compared with expected normal activity.
RUN-00118,CASH_OUT_VELOCITY_SPIKE,AGT-020,NAGAD,2026-06-04 09:00:00+00:00,2026-06-04 09:15:00+00:00,SALARY_PERIOD,Synthetic Salary Window 05,1,High cash-out velocity and volume compared with expected normal activity.
RUN-00119,CASH_OUT_VELOCITY_SPIKE,AGT-014,ROCKET,2026-06-22 09:15:00+00:00,2026-06-22 09:30:00+00:00,NONE,NONE,1,High cash-out velocity and volume compared with expected normal activity.
RUN-00120,CASH_OUT_VELOCITY_SPIKE,AGT-002,ROCKET,2026-06-22 10:15:00+00:00,2026-06-22 10:30:00+00:00,NONE,NONE,1,High cash-out velocity and volume compared with expected normal activity.
RUN-00121,CASH_OUT_VELOCITY_SPIKE,AGT-007,BKASH,2026-10-24 19:00:00+00:00,2026-10-24 19:15:00+00:00,RELIGIOUS_FESTIVAL,Synthetic Durga Puja Period,1,High cash-out velocity and volume compared with expected normal activity.
RUN-00122,CASH_OUT_VELOCITY_SPIKE,AGT-019,BKASH,2026-11-03 15:15:00+00:00,2026-11-03 15:30:00+00:00,SALARY_PERIOD,Synthetic Salary Window 10,1,High cash-out velocity and volume compared with expected normal activity.
RUN-00123,CASH_OUT_VELOCITY_SPIKE,AGT-012,ROCKET,2026-10-24 09:00:00+00:00,2026-10-24 09:15:00+00:00,RELIGIOUS_FESTIVAL,Synthetic Durga Puja Period,1,High cash-out velocity and volume compared with expected normal activity.
RUN-00124,CASH_OUT_VELOCITY_SPIKE,AGT-004,NAGAD,2026-10-17 14:15:00+00:00,2026-10-17 14:30:00+00:00,RELIGIOUS_FESTIVAL,Synthetic Durga Puja Period,1,High cash-out velocity and volume compared with expected normal activity.
RUN-00125,CASH_OUT_VELOCITY_SPIKE,AGT-003,NAGAD,2026-10-24 17:15:00+00:00,2026-10-24 17:30:00+00:00,RELIGIOUS_FESTIVAL,Synthetic Durga Puja Period,1,High cash-out velocity and volume compared with expected normal activity.
RUN-00126,CASH_OUT_VELOCITY_SPIKE,AGT-001,BKASH,2026-06-04 19:30:00+00:00,2026-06-04 19:45:00+00:00,SALARY_PERIOD,Synthetic Salary Window 05,1,High cash-out velocity and volume compared with expected normal activity.
RUN-00127,CASH_OUT_VELOCITY_SPIKE,AGT-015,BKASH,2026-06-04 19:30:00+00:00,2026-06-04 19:45:00+00:00,SALARY_PERIOD,Synthetic Salary Window 05,1,High cash-out velocity and volume compared with expected normal activity.
RUN-00128,CASH_OUT_VELOCITY_SPIKE,AGT-010,BKASH,2026-12-04 15:30:00+00:00,2026-12-04 15:45:00+00:00,SALARY_PERIOD,Synthetic Salary Window 11,1,High cash-out velocity and volume compared with expected normal activity.
RUN-00129,CASH_OUT_VELOCITY_SPIKE,AGT-006,ROCKET,2026-12-04 15:00:00+00:00,2026-12-04 15:15:00+00:00,SALARY_PERIOD,Synthetic Salary Window 11,1,High cash-out velocity and volume compared with expected normal activity.
RUN-00130,CASH_OUT_VELOCITY_SPIKE,AGT-001,NAGAD,2026-06-22 19:30:00+00:00,2026-06-22 19:45:00+00:00,NONE,NONE,1,High cash-out velocity and volume compared with expected normal activity.
RUN-00131,CASH_OUT_VELOCITY_SPIKE,AGT-013,NAGAD,2026-10-24 17:00:00+00:00,2026-10-24 17:15:00+00:00,RELIGIOUS_FESTIVAL,Synthetic Durga Puja Period,1,High cash-out velocity and volume compared with expected normal activity.
RUN-00132,CASH_OUT_VELOCITY_SPIKE,AGT-019,NAGAD,2026-12-04 18:00:00+00:00,2026-12-04 18:15:00+00:00,SALARY_PERIOD,Synthetic Salary Window 11,1,High cash-out velocity and volume compared with expected normal activity.
RUN-00133,CASH_OUT_VELOCITY_SPIKE,AGT-012,BKASH,2026-12-04 11:00:00+00:00,2026-12-04 11:15:00+00:00,SALARY_PERIOD,Synthetic Salary Window 11,1,High cash-out velocity and volume compared with expected normal activity.
RUN-00134,CASH_OUT_VELOCITY_SPIKE,AGT-017,ROCKET,2026-11-03 09:30:00+00:00,2026-11-03 09:45:00+00:00,SALARY_PERIOD,Synthetic Salary Window 10,1,High cash-out velocity and volume compared with expected normal activity.
RUN-00135,CASH_OUT_VELOCITY_SPIKE,AGT-018,NAGAD,2026-11-03 13:00:00+00:00,2026-11-03 13:15:00+00:00,SALARY_PERIOD,Synthetic Salary Window 10,1,High cash-out velocity and volume compared with expected normal activity.
RUN-00136,CASH_OUT_VELOCITY_SPIKE,AGT-018,NAGAD,2026-12-04 17:30:00+00:00,2026-12-04 17:45:00+00:00,SALARY_PERIOD,Synthetic Salary Window 11,1,High cash-out velocity and volume compared with expected normal activity.
RUN-00137,CASH_OUT_VELOCITY_SPIKE,AGT-006,ROCKET,2026-11-03 12:30:00+00:00,2026-11-03 12:45:00+00:00,SALARY_PERIOD,Synthetic Salary Window 10,1,High cash-out velocity and volume compared with expected normal activity.
RUN-00138,CASH_OUT_VELOCITY_SPIKE,AGT-016,BKASH,2026-11-03 10:00:00+00:00,2026-11-03 10:15:00+00:00,SALARY_PERIOD,Synthetic Salary Window 10,1,High cash-out velocity and volume compared with expected normal activity.
RUN-00139,CASH_OUT_VELOCITY_SPIKE,AGT-019,BKASH,2026-10-17 13:45:00+00:00,2026-10-17 14:00:00+00:00,RELIGIOUS_FESTIVAL,Synthetic Durga Puja Period,1,High cash-out velocity and volume compared with expected normal activity.
RUN-00140,CASH_OUT_VELOCITY_SPIKE,AGT-019,BKASH,2026-06-22 12:30:00+00:00,2026-06-22 12:45:00+00:00,NONE,NONE,1,High cash-out velocity and volume compared with expected normal activity.
RUN-00141,CASH_OUT_VELOCITY_SPIKE,AGT-012,ROCKET,2026-12-04 12:45:00+00:00,2026-12-04 13:00:00+00:00,SALARY_PERIOD,Synthetic Salary Window 11,1,High cash-out velocity and volume compared with expected normal activity.
RUN-00142,CASH_OUT_VELOCITY_SPIKE,AGT-017,ROCKET,2026-12-04 12:30:00+00:00,2026-12-04 12:45:00+00:00,SALARY_PERIOD,Synthetic Salary Window 11,1,High cash-out velocity and volume compared with expected normal activity.
RUN-00143,CASH_OUT_VELOCITY_SPIKE,AGT-016,NAGAD,2026-06-22 12:15:00+00:00,2026-06-22 12:30:00+00:00,NONE,NONE,1,High cash-out velocity and volume compared with expected normal activity.
RUN-00144,CASH_OUT_VELOCITY_SPIKE,AGT-013,NAGAD,2026-06-22 16:00:00+00:00,2026-06-22 16:15:00+00:00,NONE,NONE,1,High cash-out velocity and volume compared with expected normal activity.
RUN-00145,CASH_OUT_VELOCITY_SPIKE,AGT-002,NAGAD,2026-06-04 18:00:00+00:00,2026-06-04 18:15:00+00:00,SALARY_PERIOD,Synthetic Salary Window 05,1,High cash-out velocity and volume compared with expected normal activity.
RUN-00146,CASH_OUT_VELOCITY_SPIKE,AGT-016,BKASH,2026-06-04 14:15:00+00:00,2026-06-04 14:30:00+00:00,SALARY_PERIOD,Synthetic Salary Window 05,1,High cash-out velocity and volume compared with expected normal activity.
RUN-00147,CASH_OUT_VELOCITY_SPIKE,AGT-010,ROCKET,2026-06-22 16:45:00+00:00,2026-06-22 17:00:00+00:00,NONE,NONE,1,High cash-out velocity and volume compared with expected normal activity.
RUN-00148,CASH_OUT_VELOCITY_SPIKE,AGT-004,BKASH,2026-06-22 08:15:00+00:00,2026-06-22 08:30:00+00:00,NONE,NONE,1,High cash-out velocity and volume compared with expected normal activity.
RUN-00149,CASH_OUT_VELOCITY_SPIKE,AGT-018,BKASH,2026-10-24 17:45:00+00:00,2026-10-24 18:00:00+00:00,RELIGIOUS_FESTIVAL,Synthetic Durga Puja Period,1,High cash-out velocity and volume compared with expected normal activity.
RUN-00150,CASH_OUT_VELOCITY_SPIKE,AGT-003,NAGAD,2026-12-04 17:15:00+00:00,2026-12-04 17:30:00+00:00,SALARY_PERIOD,Synthetic Salary Window 11,1,High cash-out velocity and volume compared with expected normal activity.
RUN-00151,REPEATED_AMOUNT_CLUSTER,AGT-019,NAGAD,2026-12-04 18:45:00+00:00,2026-12-04 19:00:00+00:00,SALARY_PERIOD,Synthetic Salary Window 11,1,Near-identical transaction amounts concentrated in a small synthetic account group.
RUN-00152,REPEATED_AMOUNT_CLUSTER,AGT-016,BKASH,2026-10-17 21:30:00+00:00,2026-10-17 21:45:00+00:00,RELIGIOUS_FESTIVAL,Synthetic Durga Puja Period,1,Near-identical transaction amounts concentrated in a small synthetic account group.
RUN-00153,REPEATED_AMOUNT_CLUSTER,AGT-001,BKASH,2026-06-22 09:15:00+00:00,2026-06-22 09:30:00+00:00,NONE,NONE,1,Near-identical transaction amounts concentrated in a small synthetic account group.
RUN-00154,REPEATED_AMOUNT_CLUSTER,AGT-017,BKASH,2026-12-04 21:45:00+00:00,2026-12-04 22:00:00+00:00,SALARY_PERIOD,Synthetic Salary Window 11,1,Near-identical transaction amounts concentrated in a small synthetic account group.
RUN-00155,REPEATED_AMOUNT_CLUSTER,AGT-020,ROCKET,2026-12-04 17:45:00+00:00,2026-12-04 18:00:00+00:00,SALARY_PERIOD,Synthetic Salary Window 11,1,Near-identical transaction amounts concentrated in a small synthetic account group.
RUN-00156,REPEATED_AMOUNT_CLUSTER,AGT-018,BKASH,2026-10-24 10:00:00+00:00,2026-10-24 10:15:00+00:00,RELIGIOUS_FESTIVAL,Synthetic Durga Puja Period,1,Near-identical transaction amounts concentrated in a small synthetic account group.
RUN-00157,REPEATED_AMOUNT_CLUSTER,AGT-018,BKASH,2026-11-03 16:15:00+00:00,2026-11-03 16:30:00+00:00,SALARY_PERIOD,Synthetic Salary Window 10,1,Near-identical transaction amounts concentrated in a small synthetic account group.
RUN-00158,REPEATED_AMOUNT_CLUSTER,AGT-012,ROCKET,2026-10-24 17:30:00+00:00,2026-10-24 17:45:00+00:00,RELIGIOUS_FESTIVAL,Synthetic Durga Puja Period,1,Near-identical transaction amounts concentrated in a small synthetic account group.
RUN-00159,REPEATED_AMOUNT_CLUSTER,AGT-014,NAGAD,2026-11-03 09:15:00+00:00,2026-11-03 09:30:00+00:00,SALARY_PERIOD,Synthetic Salary Window 10,1,Near-identical transaction amounts concentrated in a small synthetic account group.
RUN-00160,REPEATED_AMOUNT_CLUSTER,AGT-010,ROCKET,2026-10-24 19:30:00+00:00,2026-10-24 19:45:00+00:00,RELIGIOUS_FESTIVAL,Synthetic Durga Puja Period,1,Near-identical transaction amounts concentrated in a small synthetic account group.
RUN-00161,REPEATED_AMOUNT_CLUSTER,AGT-016,BKASH,2026-06-04 12:15:00+00:00,2026-06-04 12:30:00+00:00,SALARY_PERIOD,Synthetic Salary Window 05,1,Near-identical transaction amounts concentrated in a small synthetic account group.
RUN-00162,REPEATED_AMOUNT_CLUSTER,AGT-017,ROCKET,2026-12-04 12:15:00+00:00,2026-12-04 12:30:00+00:00,SALARY_PERIOD,Synthetic Salary Window 11,1,Near-identical transaction amounts concentrated in a small synthetic account group.
RUN-00163,REPEATED_AMOUNT_CLUSTER,AGT-016,BKASH,2026-06-04 11:00:00+00:00,2026-06-04 11:15:00+00:00,SALARY_PERIOD,Synthetic Salary Window 05,1,Near-identical transaction amounts concentrated in a small synthetic account group.
RUN-00164,REPEATED_AMOUNT_CLUSTER,AGT-007,ROCKET,2026-11-03 16:45:00+00:00,2026-11-03 17:00:00+00:00,SALARY_PERIOD,Synthetic Salary Window 10,1,Near-identical transaction amounts concentrated in a small synthetic account group.
RUN-00165,REPEATED_AMOUNT_CLUSTER,AGT-014,ROCKET,2026-06-04 09:45:00+00:00,2026-06-04 10:00:00+00:00,SALARY_PERIOD,Synthetic Salary Window 05,1,Near-identical transaction amounts concentrated in a small synthetic account group.
RUN-00166,REPEATED_AMOUNT_CLUSTER,AGT-012,NAGAD,2026-06-04 10:00:00+00:00,2026-06-04 10:15:00+00:00,SALARY_PERIOD,Synthetic Salary Window 05,1,Near-identical transaction amounts concentrated in a small synthetic account group.
RUN-00167,REPEATED_AMOUNT_CLUSTER,AGT-006,ROCKET,2026-12-04 20:45:00+00:00,2026-12-04 21:00:00+00:00,SALARY_PERIOD,Synthetic Salary Window 11,1,Near-identical transaction amounts concentrated in a small synthetic account group.
RUN-00168,REPEATED_AMOUNT_CLUSTER,AGT-018,NAGAD,2026-10-17 19:30:00+00:00,2026-10-17 19:45:00+00:00,RELIGIOUS_FESTIVAL,Synthetic Durga Puja Period,1,Near-identical transaction amounts concentrated in a small synthetic account group.
RUN-00169,REPEATED_AMOUNT_CLUSTER,AGT-015,NAGAD,2026-10-24 08:45:00+00:00,2026-10-24 09:00:00+00:00,RELIGIOUS_FESTIVAL,Synthetic Durga Puja Period,1,Near-identical transaction amounts concentrated in a small synthetic account group.
RUN-00170,REPEATED_AMOUNT_CLUSTER,AGT-008,BKASH,2026-10-17 12:45:00+00:00,2026-10-17 13:00:00+00:00,RELIGIOUS_FESTIVAL,Synthetic Durga Puja Period,1,Near-identical transaction amounts concentrated in a small synthetic account group.
RUN-00171,REPEATED_AMOUNT_CLUSTER,AGT-005,ROCKET,2026-12-04 20:00:00+00:00,2026-12-04 20:15:00+00:00,SALARY_PERIOD,Synthetic Salary Window 11,1,Near-identical transaction amounts concentrated in a small synthetic account group.
RUN-00172,REPEATED_AMOUNT_CLUSTER,AGT-015,BKASH,2026-11-03 14:15:00+00:00,2026-11-03 14:30:00+00:00,SALARY_PERIOD,Synthetic Salary Window 10,1,Near-identical transaction amounts concentrated in a small synthetic account group.
RUN-00173,REPEATED_AMOUNT_CLUSTER,AGT-001,NAGAD,2026-10-24 19:00:00+00:00,2026-10-24 19:15:00+00:00,RELIGIOUS_FESTIVAL,Synthetic Durga Puja Period,1,Near-identical transaction amounts concentrated in a small synthetic account group.
RUN-00174,REPEATED_AMOUNT_CLUSTER,AGT-005,BKASH,2026-06-22 20:45:00+00:00,2026-06-22 21:00:00+00:00,NONE,NONE,1,Near-identical transaction amounts concentrated in a small synthetic account group.
RUN-00175,REPEATED_AMOUNT_CLUSTER,AGT-020,BKASH,2026-11-03 16:15:00+00:00,2026-11-03 16:30:00+00:00,SALARY_PERIOD,Synthetic Salary Window 10,1,Near-identical transaction amounts concentrated in a small synthetic account group.
RUN-00176,REPEATED_AMOUNT_CLUSTER,AGT-003,ROCKET,2026-12-04 13:45:00+00:00,2026-12-04 14:00:00+00:00,SALARY_PERIOD,Synthetic Salary Window 11,1,Near-identical transaction amounts concentrated in a small synthetic account group.
RUN-00177,REPEATED_AMOUNT_CLUSTER,AGT-018,BKASH,2026-06-04 15:45:00+00:00,2026-06-04 16:00:00+00:00,SALARY_PERIOD,Synthetic Salary Window 05,1,Near-identical transaction amounts concentrated in a small synthetic account group.
RUN-00178,REPEATED_AMOUNT_CLUSTER,AGT-018,ROCKET,2026-12-04 14:30:00+00:00,2026-12-04 14:45:00+00:00,SALARY_PERIOD,Synthetic Salary Window 11,1,Near-identical transaction amounts concentrated in a small synthetic account group.
RUN-00179,REPEATED_AMOUNT_CLUSTER,AGT-005,NAGAD,2026-11-03 21:15:00+00:00,2026-11-03 21:30:00+00:00,SALARY_PERIOD,Synthetic Salary Window 10,1,Near-identical transaction amounts concentrated in a small synthetic account group.
RUN-00180,REPEATED_AMOUNT_CLUSTER,AGT-010,BKASH,2026-11-03 20:45:00+00:00,2026-11-03 21:00:00+00:00,SALARY_PERIOD,Synthetic Salary Window 10,1,Near-identical transaction amounts concentrated in a small synthetic account group.
RUN-00181,REPEATED_AMOUNT_CLUSTER,AGT-013,NAGAD,2026-12-04 14:00:00+00:00,2026-12-04 14:15:00+00:00,SALARY_PERIOD,Synthetic Salary Window 11,1,Near-identical transaction amounts concentrated in a small synthetic account group.
RUN-00182,REPEATED_AMOUNT_CLUSTER,AGT-003,NAGAD,2026-10-17 15:30:00+00:00,2026-10-17 15:45:00+00:00,RELIGIOUS_FESTIVAL,Synthetic Durga Puja Period,1,Near-identical transaction amounts concentrated in a small synthetic account group.
RUN-00183,REPEATED_AMOUNT_CLUSTER,AGT-009,NAGAD,2026-06-22 21:30:00+00:00,2026-06-22 21:45:00+00:00,NONE,NONE,1,Near-identical transaction amounts concentrated in a small synthetic account group.
RUN-00184,REPEATED_AMOUNT_CLUSTER,AGT-013,NAGAD,2026-10-24 21:30:00+00:00,2026-10-24 21:45:00+00:00,RELIGIOUS_FESTIVAL,Synthetic Durga Puja Period,1,Near-identical transaction amounts concentrated in a small synthetic account group.
RUN-00185,REPEATED_AMOUNT_CLUSTER,AGT-003,ROCKET,2026-10-24 10:00:00+00:00,2026-10-24 10:15:00+00:00,RELIGIOUS_FESTIVAL,Synthetic Durga Puja Period,1,Near-identical transaction amounts concentrated in a small synthetic account group.
RUN-00186,REPEATED_AMOUNT_CLUSTER,AGT-012,ROCKET,2026-11-03 11:30:00+00:00,2026-11-03 11:45:00+00:00,SALARY_PERIOD,Synthetic Salary Window 10,1,Near-identical transaction amounts concentrated in a small synthetic account group.
RUN-00187,REPEATED_AMOUNT_CLUSTER,AGT-008,NAGAD,2026-12-04 19:15:00+00:00,2026-12-04 19:30:00+00:00,SALARY_PERIOD,Synthetic Salary Window 11,1,Near-identical transaction amounts concentrated in a small synthetic account group.
RUN-00188,REPEATED_AMOUNT_CLUSTER,AGT-012,ROCKET,2026-06-04 21:45:00+00:00,2026-06-04 22:00:00+00:00,SALARY_PERIOD,Synthetic Salary Window 05,1,Near-identical transaction amounts concentrated in a small synthetic account group.
RUN-00189,REPEATED_AMOUNT_CLUSTER,AGT-015,BKASH,2026-12-04 13:45:00+00:00,2026-12-04 14:00:00+00:00,SALARY_PERIOD,Synthetic Salary Window 11,1,Near-identical transaction amounts concentrated in a small synthetic account group.
RUN-00190,REPEATED_AMOUNT_CLUSTER,AGT-014,ROCKET,2026-11-03 11:15:00+00:00,2026-11-03 11:30:00+00:00,SALARY_PERIOD,Synthetic Salary Window 10,1,Near-identical transaction amounts concentrated in a small synthetic account group.
RUN-00191,REPEATED_AMOUNT_CLUSTER,AGT-004,BKASH,2026-06-22 12:30:00+00:00,2026-06-22 12:45:00+00:00,NONE,NONE,1,Near-identical transaction amounts concentrated in a small synthetic account group.
RUN-00192,REPEATED_AMOUNT_CLUSTER,AGT-019,ROCKET,2026-06-22 10:30:00+00:00,2026-06-22 10:45:00+00:00,NONE,NONE,1,Near-identical transaction amounts concentrated in a small synthetic account group.
RUN-00193,REPEATED_AMOUNT_CLUSTER,AGT-001,ROCKET,2026-11-03 12:45:00+00:00,2026-11-03 13:00:00+00:00,SALARY_PERIOD,Synthetic Salary Window 10,1,Near-identical transaction amounts concentrated in a small synthetic account group.
RUN-00194,REPEATED_AMOUNT_CLUSTER,AGT-006,NAGAD,2026-10-24 11:00:00+00:00,2026-10-24 11:15:00+00:00,RELIGIOUS_FESTIVAL,Synthetic Durga Puja Period,1,Near-identical transaction amounts concentrated in a small synthetic account group.
RUN-00195,REPEATED_AMOUNT_CLUSTER,AGT-018,BKASH,2026-12-04 12:30:00+00:00,2026-12-04 12:45:00+00:00,SALARY_PERIOD,Synthetic Salary Window 11,1,Near-identical transaction amounts concentrated in a small synthetic account group.
RUN-00196,REPEATED_AMOUNT_CLUSTER,AGT-008,ROCKET,2026-06-04 20:15:00+00:00,2026-06-04 20:30:00+00:00,SALARY_PERIOD,Synthetic Salary Window 05,1,Near-identical transaction amounts concentrated in a small synthetic account group.
RUN-00197,REPEATED_AMOUNT_CLUSTER,AGT-007,ROCKET,2026-10-24 17:15:00+00:00,2026-10-24 17:30:00+00:00,RELIGIOUS_FESTIVAL,Synthetic Durga Puja Period,1,Near-identical transaction amounts concentrated in a small synthetic account group.
RUN-00198,REPEATED_AMOUNT_CLUSTER,AGT-004,NAGAD,2026-06-22 13:15:00+00:00,2026-06-22 13:30:00+00:00,NONE,NONE,1,Near-identical transaction amounts concentrated in a small synthetic account group.
RUN-00199,REPEATED_AMOUNT_CLUSTER,AGT-017,ROCKET,2026-06-04 16:30:00+00:00,2026-06-04 16:45:00+00:00,SALARY_PERIOD,Synthetic Salary Window 05,1,Near-identical transaction amounts concentrated in a small synthetic account group.
RUN-00200,REPEATED_AMOUNT_CLUSTER,AGT-004,BKASH,2026-10-24 17:45:00+00:00,2026-10-24 18:00:00+00:00,RELIGIOUS_FESTIVAL,Synthetic Durga Puja Period,1,Near-identical transaction amounts concentrated in a small synthetic account group.
RUN-00201,REPEATED_AMOUNT_CLUSTER,AGT-010,ROCKET,2026-11-03 16:00:00+00:00,2026-11-03 16:15:00+00:00,SALARY_PERIOD,Synthetic Salary Window 10,1,Near-identical transaction amounts concentrated in a small synthetic account group.
RUN-00202,REPEATED_AMOUNT_CLUSTER,AGT-006,ROCKET,2026-11-03 09:30:00+00:00,2026-11-03 09:45:00+00:00,SALARY_PERIOD,Synthetic Salary Window 10,1,Near-identical transaction amounts concentrated in a small synthetic account group.
RUN-00203,REPEATED_AMOUNT_CLUSTER,AGT-019,NAGAD,2026-10-17 09:45:00+00:00,2026-10-17 10:00:00+00:00,RELIGIOUS_FESTIVAL,Synthetic Durga Puja Period,1,Near-identical transaction amounts concentrated in a small synthetic account group.
RUN-00204,REPEATED_AMOUNT_CLUSTER,AGT-018,NAGAD,2026-11-03 21:45:00+00:00,2026-11-03 22:00:00+00:00,SALARY_PERIOD,Synthetic Salary Window 10,1,Near-identical transaction amounts concentrated in a small synthetic account group.
RUN-00205,REPEATED_AMOUNT_CLUSTER,AGT-017,BKASH,2026-12-04 18:00:00+00:00,2026-12-04 18:15:00+00:00,SALARY_PERIOD,Synthetic Salary Window 11,1,Near-identical transaction amounts concentrated in a small synthetic account group.
RUN-00206,REPEATED_AMOUNT_CLUSTER,AGT-002,BKASH,2026-10-24 15:15:00+00:00,2026-10-24 15:30:00+00:00,RELIGIOUS_FESTIVAL,Synthetic Durga Puja Period,1,Near-identical transaction amounts concentrated in a small synthetic account group.
RUN-00207,REPEATED_AMOUNT_CLUSTER,AGT-010,ROCKET,2026-06-04 20:45:00+00:00,2026-06-04 21:00:00+00:00,SALARY_PERIOD,Synthetic Salary Window 05,1,Near-identical transaction amounts concentrated in a small synthetic account group.
RUN-00208,REPEATED_AMOUNT_CLUSTER,AGT-014,ROCKET,2026-06-22 21:00:00+00:00,2026-06-22 21:15:00+00:00,NONE,NONE,1,Near-identical transaction amounts concentrated in a small synthetic account group.
RUN-00209,REPEATED_AMOUNT_CLUSTER,AGT-008,BKASH,2026-12-04 13:00:00+00:00,2026-12-04 13:15:00+00:00,SALARY_PERIOD,Synthetic Salary Window 11,1,Near-identical transaction amounts concentrated in a small synthetic account group.
RUN-00210,REPEATED_AMOUNT_CLUSTER,AGT-012,BKASH,2026-12-04 18:30:00+00:00,2026-12-04 18:45:00+00:00,SALARY_PERIOD,Synthetic Salary Window 11,1,Near-identical transaction amounts concentrated in a small synthetic account group.
RUN-00211,REPEATED_AMOUNT_CLUSTER,AGT-020,BKASH,2026-06-22 17:45:00+00:00,2026-06-22 18:00:00+00:00,NONE,NONE,1,Near-identical transaction amounts concentrated in a small synthetic account group.
RUN-00212,REPEATED_AMOUNT_CLUSTER,AGT-016,NAGAD,2026-10-24 19:00:00+00:00,2026-10-24 19:15:00+00:00,RELIGIOUS_FESTIVAL,Synthetic Durga Puja Period,1,Near-identical transaction amounts concentrated in a small synthetic account group.
RUN-00213,REPEATED_AMOUNT_CLUSTER,AGT-014,ROCKET,2026-06-04 15:00:00+00:00,2026-06-04 15:15:00+00:00,SALARY_PERIOD,Synthetic Salary Window 05,1,Near-identical transaction amounts concentrated in a small synthetic account group.
RUN-00214,REPEATED_AMOUNT_CLUSTER,AGT-011,NAGAD,2026-06-22 20:45:00+00:00,2026-06-22 21:00:00+00:00,NONE,NONE,1,Near-identical transaction amounts concentrated in a small synthetic account group.
RUN-00215,REPEATED_AMOUNT_CLUSTER,AGT-003,BKASH,2026-06-22 13:15:00+00:00,2026-06-22 13:30:00+00:00,NONE,NONE,1,Near-identical transaction amounts concentrated in a small synthetic account group.
RUN-00216,REPEATED_AMOUNT_CLUSTER,AGT-010,NAGAD,2026-06-22 19:45:00+00:00,2026-06-22 20:00:00+00:00,NONE,NONE,1,Near-identical transaction amounts concentrated in a small synthetic account group.
RUN-00217,REPEATED_AMOUNT_CLUSTER,AGT-012,BKASH,2026-12-04 11:30:00+00:00,2026-12-04 11:45:00+00:00,SALARY_PERIOD,Synthetic Salary Window 11,1,Near-identical transaction amounts concentrated in a small synthetic account group.
RUN-00218,REPEATED_AMOUNT_CLUSTER,AGT-012,ROCKET,2026-12-04 21:30:00+00:00,2026-12-04 21:45:00+00:00,SALARY_PERIOD,Synthetic Salary Window 11,1,Near-identical transaction amounts concentrated in a small synthetic account group.
RUN-00219,REPEATED_AMOUNT_CLUSTER,AGT-016,NAGAD,2026-10-24 15:45:00+00:00,2026-10-24 16:00:00+00:00,RELIGIOUS_FESTIVAL,Synthetic Durga Puja Period,1,Near-identical transaction amounts concentrated in a small synthetic account group.
RUN-00220,REPEATED_AMOUNT_CLUSTER,AGT-010,NAGAD,2026-10-24 10:30:00+00:00,2026-10-24 10:45:00+00:00,RELIGIOUS_FESTIVAL,Synthetic Durga Puja Period,1,Near-identical transaction amounts concentrated in a small synthetic account group.
RUN-00221,REPEATED_AMOUNT_CLUSTER,AGT-011,BKASH,2026-06-22 14:45:00+00:00,2026-06-22 15:00:00+00:00,NONE,NONE,1,Near-identical transaction amounts concentrated in a small synthetic account group.
RUN-00222,REPEATED_AMOUNT_CLUSTER,AGT-020,NAGAD,2026-10-17 16:45:00+00:00,2026-10-17 17:00:00+00:00,RELIGIOUS_FESTIVAL,Synthetic Durga Puja Period,1,Near-identical transaction amounts concentrated in a small synthetic account group.
RUN-00223,REPEATED_AMOUNT_CLUSTER,AGT-014,BKASH,2026-11-03 20:00:00+00:00,2026-11-03 20:15:00+00:00,SALARY_PERIOD,Synthetic Salary Window 10,1,Near-identical transaction amounts concentrated in a small synthetic account group.
RUN-00224,REPEATED_AMOUNT_CLUSTER,AGT-013,ROCKET,2026-06-22 17:45:00+00:00,2026-06-22 18:00:00+00:00,NONE,NONE,1,Near-identical transaction amounts concentrated in a small synthetic account group.
RUN-00225,REPEATED_AMOUNT_CLUSTER,AGT-015,ROCKET,2026-12-04 19:00:00+00:00,2026-12-04 19:15:00+00:00,SALARY_PERIOD,Synthetic Salary Window 11,1,Near-identical transaction amounts concentrated in a small synthetic account group.
RUN-00226,REPEATED_AMOUNT_CLUSTER,AGT-016,BKASH,2026-06-22 08:00:00+00:00,2026-06-22 08:15:00+00:00,NONE,NONE,1,Near-identical transaction amounts concentrated in a small synthetic account group.
RUN-00227,REPEATED_AMOUNT_CLUSTER,AGT-001,BKASH,2026-11-03 08:15:00+00:00,2026-11-03 08:30:00+00:00,SALARY_PERIOD,Synthetic Salary Window 10,1,Near-identical transaction amounts concentrated in a small synthetic account group.
RUN-00228,REPEATED_AMOUNT_CLUSTER,AGT-001,NAGAD,2026-11-03 18:15:00+00:00,2026-11-03 18:30:00+00:00,SALARY_PERIOD,Synthetic Salary Window 10,1,Near-identical transaction amounts concentrated in a small synthetic account group.
RUN-00229,REPEATED_AMOUNT_CLUSTER,AGT-004,BKASH,2026-11-03 21:15:00+00:00,2026-11-03 21:30:00+00:00,SALARY_PERIOD,Synthetic Salary Window 10,1,Near-identical transaction amounts concentrated in a small synthetic account group.
RUN-00230,REPEATED_AMOUNT_CLUSTER,AGT-012,NAGAD,2026-10-24 17:45:00+00:00,2026-10-24 18:00:00+00:00,RELIGIOUS_FESTIVAL,Synthetic Durga Puja Period,1,Near-identical transaction amounts concentrated in a small synthetic account group.
RUN-00231,REPEATED_AMOUNT_CLUSTER,AGT-017,NAGAD,2026-06-22 18:30:00+00:00,2026-06-22 18:45:00+00:00,NONE,NONE,1,Near-identical transaction amounts concentrated in a small synthetic account group.
RUN-00232,REPEATED_AMOUNT_CLUSTER,AGT-013,BKASH,2026-06-04 10:00:00+00:00,2026-06-04 10:15:00+00:00,SALARY_PERIOD,Synthetic Salary Window 05,1,Near-identical transaction amounts concentrated in a small synthetic account group.
RUN-00233,REPEATED_AMOUNT_CLUSTER,AGT-010,ROCKET,2026-10-17 13:15:00+00:00,2026-10-17 13:30:00+00:00,RELIGIOUS_FESTIVAL,Synthetic Durga Puja Period,1,Near-identical transaction amounts concentrated in a small synthetic account group.
RUN-00234,REPEATED_AMOUNT_CLUSTER,AGT-002,NAGAD,2026-06-04 14:30:00+00:00,2026-06-04 14:45:00+00:00,SALARY_PERIOD,Synthetic Salary Window 05,1,Near-identical transaction amounts concentrated in a small synthetic account group.
RUN-00235,REPEATED_AMOUNT_CLUSTER,AGT-001,NAGAD,2026-10-17 09:15:00+00:00,2026-10-17 09:30:00+00:00,RELIGIOUS_FESTIVAL,Synthetic Durga Puja Period,1,Near-identical transaction amounts concentrated in a small synthetic account group.
RUN-00236,REPEATED_AMOUNT_CLUSTER,AGT-006,NAGAD,2026-12-04 21:00:00+00:00,2026-12-04 21:15:00+00:00,SALARY_PERIOD,Synthetic Salary Window 11,1,Near-identical transaction amounts concentrated in a small synthetic account group.
RUN-00237,REPEATED_AMOUNT_CLUSTER,AGT-003,NAGAD,2026-06-04 19:30:00+00:00,2026-06-04 19:45:00+00:00,SALARY_PERIOD,Synthetic Salary Window 05,1,Near-identical transaction amounts concentrated in a small synthetic account group.
RUN-00238,REPEATED_AMOUNT_CLUSTER,AGT-019,BKASH,2026-10-24 15:45:00+00:00,2026-10-24 16:00:00+00:00,RELIGIOUS_FESTIVAL,Synthetic Durga Puja Period,1,Near-identical transaction amounts concentrated in a small synthetic account group.
RUN-00239,REPEATED_AMOUNT_CLUSTER,AGT-017,NAGAD,2026-10-24 09:15:00+00:00,2026-10-24 09:30:00+00:00,RELIGIOUS_FESTIVAL,Synthetic Durga Puja Period,1,Near-identical transaction amounts concentrated in a small synthetic account group.
RUN-00240,REPEATED_AMOUNT_CLUSTER,AGT-016,ROCKET,2026-10-17 11:15:00+00:00,2026-10-17 11:30:00+00:00,RELIGIOUS_FESTIVAL,Synthetic Durga Puja Period,1,Near-identical transaction amounts concentrated in a small synthetic account group.
RUN-00241,REPEATED_AMOUNT_CLUSTER,AGT-008,BKASH,2026-06-22 19:45:00+00:00,2026-06-22 20:00:00+00:00,NONE,NONE,1,Near-identical transaction amounts concentrated in a small synthetic account group.
RUN-00242,REPEATED_AMOUNT_CLUSTER,AGT-002,NAGAD,2026-10-24 12:45:00+00:00,2026-10-24 13:00:00+00:00,RELIGIOUS_FESTIVAL,Synthetic Durga Puja Period,1,Near-identical transaction amounts concentrated in a small synthetic account group.
RUN-00243,REPEATED_AMOUNT_CLUSTER,AGT-019,BKASH,2026-12-04 12:15:00+00:00,2026-12-04 12:30:00+00:00,SALARY_PERIOD,Synthetic Salary Window 11,1,Near-identical transaction amounts concentrated in a small synthetic account group.
RUN-00244,REPEATED_AMOUNT_CLUSTER,AGT-002,BKASH,2026-12-04 11:00:00+00:00,2026-12-04 11:15:00+00:00,SALARY_PERIOD,Synthetic Salary Window 11,1,Near-identical transaction amounts concentrated in a small synthetic account group.
RUN-00245,REPEATED_AMOUNT_CLUSTER,AGT-011,ROCKET,2026-11-03 11:45:00+00:00,2026-11-03 12:00:00+00:00,SALARY_PERIOD,Synthetic Salary Window 10,1,Near-identical transaction amounts concentrated in a small synthetic account group.
RUN-00246,REPEATED_AMOUNT_CLUSTER,AGT-020,NAGAD,2026-12-04 21:45:00+00:00,2026-12-04 22:00:00+00:00,SALARY_PERIOD,Synthetic Salary Window 11,1,Near-identical transaction amounts concentrated in a small synthetic account group.
RUN-00247,REPEATED_AMOUNT_CLUSTER,AGT-003,NAGAD,2026-10-17 11:30:00+00:00,2026-10-17 11:45:00+00:00,RELIGIOUS_FESTIVAL,Synthetic Durga Puja Period,1,Near-identical transaction amounts concentrated in a small synthetic account group.
RUN-00248,REPEATED_AMOUNT_CLUSTER,AGT-008,NAGAD,2026-11-03 20:00:00+00:00,2026-11-03 20:15:00+00:00,SALARY_PERIOD,Synthetic Salary Window 10,1,Near-identical transaction amounts concentrated in a small synthetic account group.
RUN-00249,REPEATED_AMOUNT_CLUSTER,AGT-008,NAGAD,2026-11-03 21:15:00+00:00,2026-11-03 21:30:00+00:00,SALARY_PERIOD,Synthetic Salary Window 10,1,Near-identical transaction amounts concentrated in a small synthetic account group.
RUN-00250,REPEATED_AMOUNT_CLUSTER,AGT-019,BKASH,2026-11-03 08:45:00+00:00,2026-11-03 09:00:00+00:00,SALARY_PERIOD,Synthetic Salary Window 10,1,Near-identical transaction amounts concentrated in a small synthetic account group.
RUN-00251,REPEATED_AMOUNT_CLUSTER,AGT-006,ROCKET,2026-10-17 18:45:00+00:00,2026-10-17 19:00:00+00:00,RELIGIOUS_FESTIVAL,Synthetic Durga Puja Period,1,Near-identical transaction amounts concentrated in a small synthetic account group.
RUN-00252,REPEATED_AMOUNT_CLUSTER,AGT-004,NAGAD,2026-10-17 09:30:00+00:00,2026-10-17 09:45:00+00:00,RELIGIOUS_FESTIVAL,Synthetic Durga Puja Period,1,Near-identical transaction amounts concentrated in a small synthetic account group.
RUN-00253,REPEATED_AMOUNT_CLUSTER,AGT-008,BKASH,2026-10-24 18:15:00+00:00,2026-10-24 18:30:00+00:00,RELIGIOUS_FESTIVAL,Synthetic Durga Puja Period,1,Near-identical transaction amounts concentrated in a small synthetic account group.
RUN-00254,REPEATED_AMOUNT_CLUSTER,AGT-004,BKASH,2026-10-17 12:15:00+00:00,2026-10-17 12:30:00+00:00,RELIGIOUS_FESTIVAL,Synthetic Durga Puja Period,1,Near-identical transaction amounts concentrated in a small synthetic account group.
RUN-00255,REPEATED_AMOUNT_CLUSTER,AGT-016,ROCKET,2026-10-17 21:15:00+00:00,2026-10-17 21:30:00+00:00,RELIGIOUS_FESTIVAL,Synthetic Durga Puja Period,1,Near-identical transaction amounts concentrated in a small synthetic account group.
RUN-00256,REPEATED_AMOUNT_CLUSTER,AGT-011,BKASH,2026-10-17 21:00:00+00:00,2026-10-17 21:15:00+00:00,RELIGIOUS_FESTIVAL,Synthetic Durga Puja Period,1,Near-identical transaction amounts concentrated in a small synthetic account group.
RUN-00257,REPEATED_AMOUNT_CLUSTER,AGT-017,BKASH,2026-06-22 12:45:00+00:00,2026-06-22 13:00:00+00:00,NONE,NONE,1,Near-identical transaction amounts concentrated in a small synthetic account group.
RUN-00258,REPEATED_AMOUNT_CLUSTER,AGT-001,ROCKET,2026-12-04 18:15:00+00:00,2026-12-04 18:30:00+00:00,SALARY_PERIOD,Synthetic Salary Window 11,1,Near-identical transaction amounts concentrated in a small synthetic account group.
RUN-00259,REPEATED_AMOUNT_CLUSTER,AGT-016,NAGAD,2026-06-22 09:00:00+00:00,2026-06-22 09:15:00+00:00,NONE,NONE,1,Near-identical transaction amounts concentrated in a small synthetic account group.
RUN-00260,REPEATED_AMOUNT_CLUSTER,AGT-007,NAGAD,2026-06-04 18:30:00+00:00,2026-06-04 18:45:00+00:00,SALARY_PERIOD,Synthetic Salary Window 05,1,Near-identical transaction amounts concentrated in a small synthetic account group.
RUN-00261,REPEATED_AMOUNT_CLUSTER,AGT-013,ROCKET,2026-10-24 17:30:00+00:00,2026-10-24 17:45:00+00:00,RELIGIOUS_FESTIVAL,Synthetic Durga Puja Period,1,Near-identical transaction amounts concentrated in a small synthetic account group.
RUN-00262,REPEATED_AMOUNT_CLUSTER,AGT-014,BKASH,2026-06-22 11:15:00+00:00,2026-06-22 11:30:00+00:00,NONE,NONE,1,Near-identical transaction amounts concentrated in a small synthetic account group.
RUN-00263,REPEATED_AMOUNT_CLUSTER,AGT-002,BKASH,2026-12-04 17:45:00+00:00,2026-12-04 18:00:00+00:00,SALARY_PERIOD,Synthetic Salary Window 11,1,Near-identical transaction amounts concentrated in a small synthetic account group.
RUN-00264,REPEATED_AMOUNT_CLUSTER,AGT-013,NAGAD,2026-10-24 16:45:00+00:00,2026-10-24 17:00:00+00:00,RELIGIOUS_FESTIVAL,Synthetic Durga Puja Period,1,Near-identical transaction amounts concentrated in a small synthetic account group.
RUN-00265,REPEATED_AMOUNT_CLUSTER,AGT-006,NAGAD,2026-11-03 09:30:00+00:00,2026-11-03 09:45:00+00:00,SALARY_PERIOD,Synthetic Salary Window 10,1,Near-identical transaction amounts concentrated in a small synthetic account group.
RUN-00266,REPEATED_AMOUNT_CLUSTER,AGT-005,ROCKET,2026-06-04 09:30:00+00:00,2026-06-04 09:45:00+00:00,SALARY_PERIOD,Synthetic Salary Window 05,1,Near-identical transaction amounts concentrated in a small synthetic account group.
RUN-00267,REPEATED_AMOUNT_CLUSTER,AGT-014,NAGAD,2026-06-04 13:45:00+00:00,2026-06-04 14:00:00+00:00,SALARY_PERIOD,Synthetic Salary Window 05,1,Near-identical transaction amounts concentrated in a small synthetic account group.
RUN-00268,REPEATED_AMOUNT_CLUSTER,AGT-010,NAGAD,2026-12-04 13:45:00+00:00,2026-12-04 14:00:00+00:00,SALARY_PERIOD,Synthetic Salary Window 11,1,Near-identical transaction amounts concentrated in a small synthetic account group.
RUN-00269,REPEATED_AMOUNT_CLUSTER,AGT-015,NAGAD,2026-10-24 08:30:00+00:00,2026-10-24 08:45:00+00:00,RELIGIOUS_FESTIVAL,Synthetic Durga Puja Period,1,Near-identical transaction amounts concentrated in a small synthetic account group.
RUN-00270,REPEATED_AMOUNT_CLUSTER,AGT-008,ROCKET,2026-11-03 09:15:00+00:00,2026-11-03 09:30:00+00:00,SALARY_PERIOD,Synthetic Salary Window 10,1,Near-identical transaction amounts concentrated in a small synthetic account group.
RUN-00271,REPEATED_AMOUNT_CLUSTER,AGT-012,BKASH,2026-11-03 20:30:00+00:00,2026-11-03 20:45:00+00:00,SALARY_PERIOD,Synthetic Salary Window 10,1,Near-identical transaction amounts concentrated in a small synthetic account group.
RUN-00272,REPEATED_AMOUNT_CLUSTER,AGT-003,NAGAD,2026-10-24 14:45:00+00:00,2026-10-24 15:00:00+00:00,RELIGIOUS_FESTIVAL,Synthetic Durga Puja Period,1,Near-identical transaction amounts concentrated in a small synthetic account group.
RUN-00273,REPEATED_AMOUNT_CLUSTER,AGT-016,NAGAD,2026-06-22 13:15:00+00:00,2026-06-22 13:30:00+00:00,NONE,NONE,1,Near-identical transaction amounts concentrated in a small synthetic account group.
RUN-00274,REPEATED_AMOUNT_CLUSTER,AGT-012,ROCKET,2026-06-22 19:15:00+00:00,2026-06-22 19:30:00+00:00,NONE,NONE,1,Near-identical transaction amounts concentrated in a small synthetic account group.
RUN-00275,REPEATED_AMOUNT_CLUSTER,AGT-017,ROCKET,2026-06-04 08:30:00+00:00,2026-06-04 08:45:00+00:00,SALARY_PERIOD,Synthetic Salary Window 05,1,Near-identical transaction amounts concentrated in a small synthetic account group.
RUN-00276,REPEATED_AMOUNT_CLUSTER,AGT-003,ROCKET,2026-11-03 13:30:00+00:00,2026-11-03 13:45:00+00:00,SALARY_PERIOD,Synthetic Salary Window 10,1,Near-identical transaction amounts concentrated in a small synthetic account group.
RUN-00277,REPEATED_AMOUNT_CLUSTER,AGT-018,ROCKET,2026-12-04 09:45:00+00:00,2026-12-04 10:00:00+00:00,SALARY_PERIOD,Synthetic Salary Window 11,1,Near-identical transaction amounts concentrated in a small synthetic account group.
RUN-00278,REPEATED_AMOUNT_CLUSTER,AGT-001,NAGAD,2026-06-22 10:30:00+00:00,2026-06-22 10:45:00+00:00,NONE,NONE,1,Near-identical transaction amounts concentrated in a small synthetic account group.
RUN-00279,REPEATED_AMOUNT_CLUSTER,AGT-009,ROCKET,2026-10-24 11:45:00+00:00,2026-10-24 12:00:00+00:00,RELIGIOUS_FESTIVAL,Synthetic Durga Puja Period,1,Near-identical transaction amounts concentrated in a small synthetic account group.
RUN-00280,REPEATED_AMOUNT_CLUSTER,AGT-010,NAGAD,2026-10-17 19:15:00+00:00,2026-10-17 19:30:00+00:00,RELIGIOUS_FESTIVAL,Synthetic Durga Puja Period,1,Near-identical transaction amounts concentrated in a small synthetic account group.
RUN-00281,REPEATED_AMOUNT_CLUSTER,AGT-003,NAGAD,2026-11-03 11:30:00+00:00,2026-11-03 11:45:00+00:00,SALARY_PERIOD,Synthetic Salary Window 10,1,Near-identical transaction amounts concentrated in a small synthetic account group.
RUN-00282,REPEATED_AMOUNT_CLUSTER,AGT-015,ROCKET,2026-12-04 15:15:00+00:00,2026-12-04 15:30:00+00:00,SALARY_PERIOD,Synthetic Salary Window 11,1,Near-identical transaction amounts concentrated in a small synthetic account group.
RUN-00283,REPEATED_AMOUNT_CLUSTER,AGT-002,BKASH,2026-10-17 08:45:00+00:00,2026-10-17 09:00:00+00:00,RELIGIOUS_FESTIVAL,Synthetic Durga Puja Period,1,Near-identical transaction amounts concentrated in a small synthetic account group.
RUN-00284,REPEATED_AMOUNT_CLUSTER,AGT-018,BKASH,2026-06-22 11:15:00+00:00,2026-06-22 11:30:00+00:00,NONE,NONE,1,Near-identical transaction amounts concentrated in a small synthetic account group.
RUN-00285,REPEATED_AMOUNT_CLUSTER,AGT-015,BKASH,2026-06-04 10:30:00+00:00,2026-06-04 10:45:00+00:00,SALARY_PERIOD,Synthetic Salary Window 05,1,Near-identical transaction amounts concentrated in a small synthetic account group.
RUN-00286,REPEATED_AMOUNT_CLUSTER,AGT-019,BKASH,2026-11-03 09:00:00+00:00,2026-11-03 09:15:00+00:00,SALARY_PERIOD,Synthetic Salary Window 10,1,Near-identical transaction amounts concentrated in a small synthetic account group.
RUN-00287,REPEATED_AMOUNT_CLUSTER,AGT-013,BKASH,2026-06-22 20:45:00+00:00,2026-06-22 21:00:00+00:00,NONE,NONE,1,Near-identical transaction amounts concentrated in a small synthetic account group.
RUN-00288,REPEATED_AMOUNT_CLUSTER,AGT-018,BKASH,2026-11-03 08:15:00+00:00,2026-11-03 08:30:00+00:00,SALARY_PERIOD,Synthetic Salary Window 10,1,Near-identical transaction amounts concentrated in a small synthetic account group.
RUN-00289,REPEATED_AMOUNT_CLUSTER,AGT-009,ROCKET,2026-12-04 10:00:00+00:00,2026-12-04 10:15:00+00:00,SALARY_PERIOD,Synthetic Salary Window 11,1,Near-identical transaction amounts concentrated in a small synthetic account group.
RUN-00290,REPEATED_AMOUNT_CLUSTER,AGT-002,ROCKET,2026-06-22 20:00:00+00:00,2026-06-22 20:15:00+00:00,NONE,NONE,1,Near-identical transaction amounts concentrated in a small synthetic account group.
RUN-00291,REPEATED_AMOUNT_CLUSTER,AGT-009,BKASH,2026-06-04 20:00:00+00:00,2026-06-04 20:15:00+00:00,SALARY_PERIOD,Synthetic Salary Window 05,1,Near-identical transaction amounts concentrated in a small synthetic account group.
RUN-00292,REPEATED_AMOUNT_CLUSTER,AGT-012,BKASH,2026-12-04 18:00:00+00:00,2026-12-04 18:15:00+00:00,SALARY_PERIOD,Synthetic Salary Window 11,1,Near-identical transaction amounts concentrated in a small synthetic account group.
RUN-00293,REPEATED_AMOUNT_CLUSTER,AGT-016,NAGAD,2026-10-17 12:30:00+00:00,2026-10-17 12:45:00+00:00,RELIGIOUS_FESTIVAL,Synthetic Durga Puja Period,1,Near-identical transaction amounts concentrated in a small synthetic account group.
RUN-00294,REPEATED_AMOUNT_CLUSTER,AGT-004,NAGAD,2026-10-24 15:15:00+00:00,2026-10-24 15:30:00+00:00,RELIGIOUS_FESTIVAL,Synthetic Durga Puja Period,1,Near-identical transaction amounts concentrated in a small synthetic account group.
RUN-00295,REPEATED_AMOUNT_CLUSTER,AGT-006,ROCKET,2026-10-24 21:45:00+00:00,2026-10-24 22:00:00+00:00,RELIGIOUS_FESTIVAL,Synthetic Durga Puja Period,1,Near-identical transaction amounts concentrated in a small synthetic account group.
RUN-00296,REPEATED_AMOUNT_CLUSTER,AGT-017,ROCKET,2026-12-04 17:00:00+00:00,2026-12-04 17:15:00+00:00,SALARY_PERIOD,Synthetic Salary Window 11,1,Near-identical transaction amounts concentrated in a small synthetic account group.
RUN-00297,REPEATED_AMOUNT_CLUSTER,AGT-013,NAGAD,2026-06-22 13:00:00+00:00,2026-06-22 13:15:00+00:00,NONE,NONE,1,Near-identical transaction amounts concentrated in a small synthetic account group.
RUN-00298,REPEATED_AMOUNT_CLUSTER,AGT-013,ROCKET,2026-10-17 18:00:00+00:00,2026-10-17 18:15:00+00:00,RELIGIOUS_FESTIVAL,Synthetic Durga Puja Period,1,Near-identical transaction amounts concentrated in a small synthetic account group.
RUN-00299,REPEATED_AMOUNT_CLUSTER,AGT-018,ROCKET,2026-11-03 17:00:00+00:00,2026-11-03 17:15:00+00:00,SALARY_PERIOD,Synthetic Salary Window 10,1,Near-identical transaction amounts concentrated in a small synthetic account group.
RUN-00300,REPEATED_AMOUNT_CLUSTER,AGT-003,NAGAD,2026-10-17 17:45:00+00:00,2026-10-17 18:00:00+00:00,RELIGIOUS_FESTIVAL,Synthetic Durga Puja Period,1,Near-identical transaction amounts concentrated in a small synthetic account group.
RUN-00301,EVENT_REPEATED_AMOUNT_CLUSTER,AGT-006,ROCKET,2026-05-29 16:45:00+00:00,2026-05-29 17:00:00+00:00,RELIGIOUS_FESTIVAL,Synthetic Eid Period B,1,Near-identical transaction amounts concentrated in a small synthetic account group.
RUN-00302,EVENT_REPEATED_AMOUNT_CLUSTER,AGT-017,BKASH,2026-10-01 14:45:00+00:00,2026-10-01 15:00:00+00:00,SALARY_PERIOD,Synthetic Salary Window 09,1,Near-identical transaction amounts concentrated in a small synthetic account group.
RUN-00303,EVENT_REPEATED_AMOUNT_CLUSTER,AGT-016,BKASH,2026-12-30 14:00:00+00:00,2026-12-30 14:15:00+00:00,SALARY_PERIOD,Synthetic Salary Window 12,1,Near-identical transaction amounts concentrated in a small synthetic account group.
RUN-00304,EVENT_REPEATED_AMOUNT_CLUSTER,AGT-009,ROCKET,2026-12-28 14:00:00+00:00,2026-12-28 14:15:00+00:00,SALARY_PERIOD,Synthetic Salary Window 12,1,Near-identical transaction amounts concentrated in a small synthetic account group.
RUN-00305,EVENT_REPEATED_AMOUNT_CLUSTER,AGT-014,NAGAD,2026-09-30 16:15:00+00:00,2026-09-30 16:30:00+00:00,SALARY_PERIOD,Synthetic Salary Window 09,1,Near-identical transaction amounts concentrated in a small synthetic account group.
RUN-00306,EVENT_REPEATED_AMOUNT_CLUSTER,AGT-006,ROCKET,2026-07-31 11:15:00+00:00,2026-07-31 11:30:00+00:00,SALARY_PERIOD,Synthetic Salary Window 07,1,Near-identical transaction amounts concentrated in a small synthetic account group.
RUN-00307,EVENT_REPEATED_AMOUNT_CLUSTER,AGT-007,NAGAD,2026-06-30 18:45:00+00:00,2026-06-30 19:00:00+00:00,SALARY_PERIOD,Synthetic Salary Window 06,1,Near-identical transaction amounts concentrated in a small synthetic account group.
RUN-00308,EVENT_REPEATED_AMOUNT_CLUSTER,AGT-014,ROCKET,2026-07-29 09:15:00+00:00,2026-07-29 09:30:00+00:00,SALARY_PERIOD,Synthetic Salary Window 07,1,Near-identical transaction amounts concentrated in a small synthetic account group.
RUN-00309,EVENT_REPEATED_AMOUNT_CLUSTER,AGT-015,BKASH,2026-01-18 13:30:00+00:00,2026-01-18 13:45:00+00:00,NONE,NONE,1,Near-identical transaction amounts concentrated in a small synthetic account group.
RUN-00310,EVENT_REPEATED_AMOUNT_CLUSTER,AGT-018,NAGAD,2026-05-27 14:15:00+00:00,2026-05-27 14:30:00+00:00,RELIGIOUS_FESTIVAL,Synthetic Eid Period B,1,Near-identical transaction amounts concentrated in a small synthetic account group.
RUN-00311,EVENT_REPEATED_AMOUNT_CLUSTER,AGT-013,BKASH,2026-03-30 12:45:00+00:00,2026-03-30 13:00:00+00:00,SALARY_PERIOD,Synthetic Salary Window 03,1,Near-identical transaction amounts concentrated in a small synthetic account group.
RUN-00312,EVENT_REPEATED_AMOUNT_CLUSTER,AGT-016,BKASH,2026-06-29 09:15:00+00:00,2026-06-29 09:30:00+00:00,SALARY_PERIOD,Synthetic Salary Window 06,1,Near-identical transaction amounts concentrated in a small synthetic account group.
RUN-00313,EVENT_REPEATED_AMOUNT_CLUSTER,AGT-014,BKASH,2026-08-02 18:30:00+00:00,2026-08-02 18:45:00+00:00,SALARY_PERIOD,Synthetic Salary Window 07,1,Near-identical transaction amounts concentrated in a small synthetic account group.
RUN-00314,EVENT_REPEATED_AMOUNT_CLUSTER,AGT-005,ROCKET,2026-06-30 13:15:00+00:00,2026-06-30 13:30:00+00:00,SALARY_PERIOD,Synthetic Salary Window 06,1,Near-identical transaction amounts concentrated in a small synthetic account group.
RUN-00315,EVENT_REPEATED_AMOUNT_CLUSTER,AGT-016,ROCKET,2026-07-03 16:15:00+00:00,2026-07-03 16:30:00+00:00,SALARY_PERIOD,Synthetic Salary Window 06,1,Near-identical transaction amounts concentrated in a small synthetic account group.
RUN-00316,EVENT_REPEATED_AMOUNT_CLUSTER,AGT-017,BKASH,2026-03-21 18:30:00+00:00,2026-03-21 18:45:00+00:00,RELIGIOUS_FESTIVAL,Synthetic Eid Period A,1,Near-identical transaction amounts concentrated in a small synthetic account group.
RUN-00317,EVENT_REPEATED_AMOUNT_CLUSTER,AGT-014,ROCKET,2026-02-02 13:15:00+00:00,2026-02-02 13:30:00+00:00,SALARY_PERIOD,Synthetic Salary Window 01,1,Near-identical transaction amounts concentrated in a small synthetic account group.
RUN-00318,EVENT_REPEATED_AMOUNT_CLUSTER,AGT-012,NAGAD,2026-12-30 09:45:00+00:00,2026-12-30 10:00:00+00:00,SALARY_PERIOD,Synthetic Salary Window 12,1,Near-identical transaction amounts concentrated in a small synthetic account group.
RUN-00319,EVENT_REPEATED_AMOUNT_CLUSTER,AGT-005,BKASH,2026-08-10 16:00:00+00:00,2026-08-10 16:15:00+00:00,NONE,NONE,1,Near-identical transaction amounts concentrated in a small synthetic account group.
RUN-00320,EVENT_REPEATED_AMOUNT_CLUSTER,AGT-003,ROCKET,2026-01-18 18:30:00+00:00,2026-01-18 18:45:00+00:00,NONE,NONE,1,Near-identical transaction amounts concentrated in a small synthetic account group.
RUN-00321,EVENT_REPEATED_AMOUNT_CLUSTER,AGT-017,ROCKET,2026-03-03 15:30:00+00:00,2026-03-03 15:45:00+00:00,SALARY_PERIOD,Synthetic Salary Window 02,1,Near-identical transaction amounts concentrated in a small synthetic account group.
RUN-00322,EVENT_REPEATED_AMOUNT_CLUSTER,AGT-008,ROCKET,2026-09-02 08:30:00+00:00,2026-09-02 08:45:00+00:00,SALARY_PERIOD,Synthetic Salary Window 08,1,Near-identical transaction amounts concentrated in a small synthetic account group.
RUN-00323,EVENT_REPEATED_AMOUNT_CLUSTER,AGT-017,BKASH,2026-08-01 18:45:00+00:00,2026-08-01 19:00:00+00:00,SALARY_PERIOD,Synthetic Salary Window 07,1,Near-identical transaction amounts concentrated in a small synthetic account group.
RUN-00324,EVENT_REPEATED_AMOUNT_CLUSTER,AGT-007,NAGAD,2026-12-24 12:15:00+00:00,2026-12-24 12:30:00+00:00,RELIGIOUS_FESTIVAL,Synthetic Christmas Period,1,Near-identical transaction amounts concentrated in a small synthetic account group.
RUN-00325,EVENT_REPEATED_AMOUNT_CLUSTER,AGT-008,ROCKET,2026-03-28 08:00:00+00:00,2026-03-28 08:15:00+00:00,SALARY_PERIOD,Synthetic Salary Window 03,1,Near-identical transaction amounts concentrated in a small synthetic account group.
RUN-00326,EVENT_REPEATED_AMOUNT_CLUSTER,AGT-013,ROCKET,2026-01-30 16:15:00+00:00,2026-01-30 16:30:00+00:00,SALARY_PERIOD,Synthetic Salary Window 01,1,Near-identical transaction amounts concentrated in a small synthetic account group.
RUN-00327,EVENT_REPEATED_AMOUNT_CLUSTER,AGT-015,BKASH,2026-08-10 15:45:00+00:00,2026-08-10 16:00:00+00:00,NONE,NONE,1,Near-identical transaction amounts concentrated in a small synthetic account group.
RUN-00328,EVENT_REPEATED_AMOUNT_CLUSTER,AGT-009,NAGAD,2026-10-21 20:15:00+00:00,2026-10-21 20:30:00+00:00,RELIGIOUS_FESTIVAL,Synthetic Durga Puja Period,1,Near-identical transaction amounts concentrated in a small synthetic account group.
RUN-00329,EVENT_REPEATED_AMOUNT_CLUSTER,AGT-003,BKASH,2026-11-02 08:15:00+00:00,2026-11-02 08:30:00+00:00,SALARY_PERIOD,Synthetic Salary Window 10,1,Near-identical transaction amounts concentrated in a small synthetic account group.
RUN-00330,EVENT_REPEATED_AMOUNT_CLUSTER,AGT-016,BKASH,2026-05-26 17:45:00+00:00,2026-05-26 18:00:00+00:00,RELIGIOUS_FESTIVAL,Synthetic Eid Period B,1,Near-identical transaction amounts concentrated in a small synthetic account group.
RUN-00331,EVENT_REPEATED_AMOUNT_CLUSTER,AGT-014,ROCKET,2026-12-03 16:45:00+00:00,2026-12-03 17:00:00+00:00,SALARY_PERIOD,Synthetic Salary Window 11,1,Near-identical transaction amounts concentrated in a small synthetic account group.
RUN-00332,EVENT_REPEATED_AMOUNT_CLUSTER,AGT-012,BKASH,2026-06-28 10:00:00+00:00,2026-06-28 10:15:00+00:00,SALARY_PERIOD,Synthetic Salary Window 06,1,Near-identical transaction amounts concentrated in a small synthetic account group.
RUN-00333,EVENT_REPEATED_AMOUNT_CLUSTER,AGT-010,BKASH,2026-07-03 20:00:00+00:00,2026-07-03 20:15:00+00:00,SALARY_PERIOD,Synthetic Salary Window 06,1,Near-identical transaction amounts concentrated in a small synthetic account group.
RUN-00334,EVENT_REPEATED_AMOUNT_CLUSTER,AGT-004,BKASH,2026-02-01 16:30:00+00:00,2026-02-01 16:45:00+00:00,SALARY_PERIOD,Synthetic Salary Window 01,1,Near-identical transaction amounts concentrated in a small synthetic account group.
RUN-00335,EVENT_REPEATED_AMOUNT_CLUSTER,AGT-002,NAGAD,2026-08-11 19:00:00+00:00,2026-08-11 19:15:00+00:00,NONE,NONE,1,Near-identical transaction amounts concentrated in a small synthetic account group.
RUN-00336,EVENT_REPEATED_AMOUNT_CLUSTER,AGT-014,ROCKET,2026-03-20 21:45:00+00:00,2026-03-20 22:00:00+00:00,RELIGIOUS_FESTIVAL,Synthetic Eid Period A,1,Near-identical transaction amounts concentrated in a small synthetic account group.
RUN-00337,EVENT_REPEATED_AMOUNT_CLUSTER,AGT-009,BKASH,2026-01-29 12:00:00+00:00,2026-01-29 12:15:00+00:00,SALARY_PERIOD,Synthetic Salary Window 01,1,Near-identical transaction amounts concentrated in a small synthetic account group.
RUN-00338,EVENT_REPEATED_AMOUNT_CLUSTER,AGT-001,BKASH,2026-02-01 20:15:00+00:00,2026-02-01 20:30:00+00:00,SALARY_PERIOD,Synthetic Salary Window 01,1,Near-identical transaction amounts concentrated in a small synthetic account group.
RUN-00339,EVENT_REPEATED_AMOUNT_CLUSTER,AGT-002,ROCKET,2026-11-02 12:30:00+00:00,2026-11-02 12:45:00+00:00,SALARY_PERIOD,Synthetic Salary Window 10,1,Near-identical transaction amounts concentrated in a small synthetic account group.
RUN-00340,EVENT_REPEATED_AMOUNT_CLUSTER,AGT-015,NAGAD,2026-10-02 18:15:00+00:00,2026-10-02 18:30:00+00:00,SALARY_PERIOD,Synthetic Salary Window 09,1,Near-identical transaction amounts concentrated in a small synthetic account group.
RUN-00341,EVENT_REPEATED_AMOUNT_CLUSTER,AGT-017,BKASH,2026-01-31 12:30:00+00:00,2026-01-31 12:45:00+00:00,SALARY_PERIOD,Synthetic Salary Window 01,1,Near-identical transaction amounts concentrated in a small synthetic account group.
RUN-00342,EVENT_REPEATED_AMOUNT_CLUSTER,AGT-002,BKASH,2026-01-30 20:15:00+00:00,2026-01-30 20:30:00+00:00,SALARY_PERIOD,Synthetic Salary Window 01,1,Near-identical transaction amounts concentrated in a small synthetic account group.
RUN-00343,EVENT_REPEATED_AMOUNT_CLUSTER,AGT-019,NAGAD,2026-03-18 15:00:00+00:00,2026-03-18 15:15:00+00:00,RELIGIOUS_FESTIVAL,Synthetic Eid Period A,1,Near-identical transaction amounts concentrated in a small synthetic account group.
RUN-00344,EVENT_REPEATED_AMOUNT_CLUSTER,AGT-003,BKASH,2026-05-27 11:15:00+00:00,2026-05-27 11:30:00+00:00,RELIGIOUS_FESTIVAL,Synthetic Eid Period B,1,Near-identical transaction amounts concentrated in a small synthetic account group.
RUN-00345,EVENT_REPEATED_AMOUNT_CLUSTER,AGT-005,BKASH,2026-10-03 16:45:00+00:00,2026-10-03 17:00:00+00:00,SALARY_PERIOD,Synthetic Salary Window 09,1,Near-identical transaction amounts concentrated in a small synthetic account group.
RUN-00346,EVENT_REPEATED_AMOUNT_CLUSTER,AGT-001,BKASH,2026-06-02 18:00:00+00:00,2026-06-02 18:15:00+00:00,SALARY_PERIOD,Synthetic Salary Window 05,1,Near-identical transaction amounts concentrated in a small synthetic account group.
RUN-00347,EVENT_REPEATED_AMOUNT_CLUSTER,AGT-008,NAGAD,2026-05-29 17:45:00+00:00,2026-05-29 18:00:00+00:00,RELIGIOUS_FESTIVAL,Synthetic Eid Period B,1,Near-identical transaction amounts concentrated in a small synthetic account group.
RUN-00348,EVENT_REPEATED_AMOUNT_CLUSTER,AGT-003,ROCKET,2026-12-24 17:15:00+00:00,2026-12-24 17:30:00+00:00,RELIGIOUS_FESTIVAL,Synthetic Christmas Period,1,Near-identical transaction amounts concentrated in a small synthetic account group.
RUN-00349,EVENT_REPEATED_AMOUNT_CLUSTER,AGT-007,NAGAD,2026-10-18 11:30:00+00:00,2026-10-18 11:45:00+00:00,RELIGIOUS_FESTIVAL,Synthetic Durga Puja Period,1,Near-identical transaction amounts concentrated in a small synthetic account group.
RUN-00350,EVENT_REPEATED_AMOUNT_CLUSTER,AGT-018,BKASH,2026-03-03 16:00:00+00:00,2026-03-03 16:15:00+00:00,SALARY_PERIOD,Synthetic Salary Window 02,1,Near-identical transaction amounts concentrated in a small synthetic account group.
RUN-00351,EVENT_REPEATED_AMOUNT_CLUSTER,AGT-015,ROCKET,2026-10-28 12:45:00+00:00,2026-10-28 13:00:00+00:00,SALARY_PERIOD,Synthetic Salary Window 10,1,Near-identical transaction amounts concentrated in a small synthetic account group.
RUN-00352,EVENT_REPEATED_AMOUNT_CLUSTER,AGT-012,NAGAD,2026-12-02 16:45:00+00:00,2026-12-02 17:00:00+00:00,SALARY_PERIOD,Synthetic Salary Window 11,1,Near-identical transaction amounts concentrated in a small synthetic account group.
RUN-00353,EVENT_REPEATED_AMOUNT_CLUSTER,AGT-013,NAGAD,2026-09-28 14:30:00+00:00,2026-09-28 14:45:00+00:00,SALARY_PERIOD,Synthetic Salary Window 09,1,Near-identical transaction amounts concentrated in a small synthetic account group.
RUN-00354,EVENT_REPEATED_AMOUNT_CLUSTER,AGT-004,ROCKET,2026-11-01 13:00:00+00:00,2026-11-01 13:15:00+00:00,SALARY_PERIOD,Synthetic Salary Window 10,1,Near-identical transaction amounts concentrated in a small synthetic account group.
RUN-00355,EVENT_REPEATED_AMOUNT_CLUSTER,AGT-005,ROCKET,2026-10-01 12:30:00+00:00,2026-10-01 12:45:00+00:00,SALARY_PERIOD,Synthetic Salary Window 09,1,Near-identical transaction amounts concentrated in a small synthetic account group.
RUN-00356,EVENT_REPEATED_AMOUNT_CLUSTER,AGT-017,NAGAD,2026-10-01 14:30:00+00:00,2026-10-01 14:45:00+00:00,SALARY_PERIOD,Synthetic Salary Window 09,1,Near-identical transaction amounts concentrated in a small synthetic account group.
RUN-00357,EVENT_REPEATED_AMOUNT_CLUSTER,AGT-004,BKASH,2026-08-02 10:30:00+00:00,2026-08-02 10:45:00+00:00,SALARY_PERIOD,Synthetic Salary Window 07,1,Near-identical transaction amounts concentrated in a small synthetic account group.
RUN-00358,EVENT_REPEATED_AMOUNT_CLUSTER,AGT-002,BKASH,2026-08-29 15:15:00+00:00,2026-08-29 15:30:00+00:00,SALARY_PERIOD,Synthetic Salary Window 08,1,Near-identical transaction amounts concentrated in a small synthetic account group.
RUN-00359,EVENT_REPEATED_AMOUNT_CLUSTER,AGT-009,BKASH,2026-05-28 21:15:00+00:00,2026-05-28 21:30:00+00:00,RELIGIOUS_FESTIVAL,Synthetic Eid Period B,1,Near-identical transaction amounts concentrated in a small synthetic account group.
RUN-00360,EVENT_REPEATED_AMOUNT_CLUSTER,AGT-001,ROCKET,2026-03-30 17:00:00+00:00,2026-03-30 17:15:00+00:00,SALARY_PERIOD,Synthetic Salary Window 03,1,Near-identical transaction amounts concentrated in a small synthetic account group.
RUN-00361,EVENT_REPEATED_AMOUNT_CLUSTER,AGT-014,NAGAD,2026-10-19 13:30:00+00:00,2026-10-19 13:45:00+00:00,RELIGIOUS_FESTIVAL,Synthetic Durga Puja Period,1,Near-identical transaction amounts concentrated in a small synthetic account group.
RUN-00362,EVENT_REPEATED_AMOUNT_CLUSTER,AGT-006,ROCKET,2026-12-01 18:45:00+00:00,2026-12-01 19:00:00+00:00,SALARY_PERIOD,Synthetic Salary Window 11,1,Near-identical transaction amounts concentrated in a small synthetic account group.
RUN-00363,EVENT_REPEATED_AMOUNT_CLUSTER,AGT-010,ROCKET,2026-06-29 19:00:00+00:00,2026-06-29 19:15:00+00:00,SALARY_PERIOD,Synthetic Salary Window 06,1,Near-identical transaction amounts concentrated in a small synthetic account group.
RUN-00364,EVENT_REPEATED_AMOUNT_CLUSTER,AGT-009,NAGAD,2026-04-28 15:45:00+00:00,2026-04-28 16:00:00+00:00,SALARY_PERIOD,Synthetic Salary Window 04,1,Near-identical transaction amounts concentrated in a small synthetic account group.
RUN-00365,EVENT_REPEATED_AMOUNT_CLUSTER,AGT-001,ROCKET,2026-12-31 12:45:00+00:00,2026-12-31 13:00:00+00:00,SALARY_PERIOD,Synthetic Salary Window 12,1,Near-identical transaction amounts concentrated in a small synthetic account group.
RUN-00366,EVENT_REPEATED_AMOUNT_CLUSTER,AGT-008,NAGAD,2026-03-04 11:45:00+00:00,2026-03-04 12:00:00+00:00,SALARY_PERIOD,Synthetic Salary Window 02,1,Near-identical transaction amounts concentrated in a small synthetic account group.
RUN-00367,EVENT_REPEATED_AMOUNT_CLUSTER,AGT-019,ROCKET,2026-05-30 20:45:00+00:00,2026-05-30 21:00:00+00:00,SALARY_PERIOD,Synthetic Salary Window 05,1,Near-identical transaction amounts concentrated in a small synthetic account group.
RUN-00368,EVENT_REPEATED_AMOUNT_CLUSTER,AGT-016,BKASH,2026-01-29 21:30:00+00:00,2026-01-29 21:45:00+00:00,SALARY_PERIOD,Synthetic Salary Window 01,1,Near-identical transaction amounts concentrated in a small synthetic account group.
RUN-00369,EVENT_REPEATED_AMOUNT_CLUSTER,AGT-017,BKASH,2026-03-03 18:30:00+00:00,2026-03-03 18:45:00+00:00,SALARY_PERIOD,Synthetic Salary Window 02,1,Near-identical transaction amounts concentrated in a small synthetic account group.
RUN-00370,EVENT_REPEATED_AMOUNT_CLUSTER,AGT-012,ROCKET,2026-05-31 10:15:00+00:00,2026-05-31 10:30:00+00:00,SALARY_PERIOD,Synthetic Salary Window 05,1,Near-identical transaction amounts concentrated in a small synthetic account group.
RUN-00371,EVENT_REPEATED_AMOUNT_CLUSTER,AGT-020,ROCKET,2026-05-29 08:00:00+00:00,2026-05-29 08:15:00+00:00,RELIGIOUS_FESTIVAL,Synthetic Eid Period B,1,Near-identical transaction amounts concentrated in a small synthetic account group.
RUN-00372,EVENT_REPEATED_AMOUNT_CLUSTER,AGT-004,ROCKET,2026-07-28 20:00:00+00:00,2026-07-28 20:15:00+00:00,SALARY_PERIOD,Synthetic Salary Window 07,1,Near-identical transaction amounts concentrated in a small synthetic account group.
RUN-00373,EVENT_REPEATED_AMOUNT_CLUSTER,AGT-019,NAGAD,2026-03-04 11:30:00+00:00,2026-03-04 11:45:00+00:00,SALARY_PERIOD,Synthetic Salary Window 02,1,Near-identical transaction amounts concentrated in a small synthetic account group.
RUN-00374,EVENT_REPEATED_AMOUNT_CLUSTER,AGT-016,NAGAD,2026-02-02 09:45:00+00:00,2026-02-02 10:00:00+00:00,SALARY_PERIOD,Synthetic Salary Window 01,1,Near-identical transaction amounts concentrated in a small synthetic account group.
RUN-00375,EVENT_REPEATED_AMOUNT_CLUSTER,AGT-010,NAGAD,2026-04-02 15:00:00+00:00,2026-04-02 15:15:00+00:00,SALARY_PERIOD,Synthetic Salary Window 03,1,Near-identical transaction amounts concentrated in a small synthetic account group.
RUN-00376,EVENT_REPEATED_AMOUNT_CLUSTER,AGT-019,BKASH,2026-05-27 19:30:00+00:00,2026-05-27 19:45:00+00:00,RELIGIOUS_FESTIVAL,Synthetic Eid Period B,1,Near-identical transaction amounts concentrated in a small synthetic account group.
RUN-00377,EVENT_REPEATED_AMOUNT_CLUSTER,AGT-012,NAGAD,2026-10-20 16:15:00+00:00,2026-10-20 16:30:00+00:00,RELIGIOUS_FESTIVAL,Synthetic Durga Puja Period,1,Near-identical transaction amounts concentrated in a small synthetic account group.
RUN-00378,EVENT_REPEATED_AMOUNT_CLUSTER,AGT-009,NAGAD,2026-03-21 19:15:00+00:00,2026-03-21 19:30:00+00:00,RELIGIOUS_FESTIVAL,Synthetic Eid Period A,1,Near-identical transaction amounts concentrated in a small synthetic account group.
RUN-00379,EVENT_REPEATED_AMOUNT_CLUSTER,AGT-018,ROCKET,2026-08-01 17:15:00+00:00,2026-08-01 17:30:00+00:00,SALARY_PERIOD,Synthetic Salary Window 07,1,Near-identical transaction amounts concentrated in a small synthetic account group.
RUN-00380,EVENT_REPEATED_AMOUNT_CLUSTER,AGT-016,NAGAD,2026-03-18 15:30:00+00:00,2026-03-18 15:45:00+00:00,RELIGIOUS_FESTIVAL,Synthetic Eid Period A,1,Near-identical transaction amounts concentrated in a small synthetic account group.
